index,value
0,1035
1,1802
2,1354
3,893
4,-26
5,-286
6,-462
7,-535
8,-620
9,-633
10,-678
11,-548
12,-432
13,-419
14,-399
15,-390
16,-378
17,-343
18,-314
19,-329
20,-333
21,-370
22,-388
23,-386
24,-354
25,-353
26,-380
27,-364
28,-353
29,-385
30,-407
31,-419
32,-436
33,-453
34,-447
35,-462
36,-473
37,-434
38,-416
39,-415
40,-450
41,-463
42,-475
43,-424
44,-397
45,-395
46,-337
47,-319
48,-236
49,0
50,319
51,805
52,1322
53,1339
54,843
55,9
56,-575
57,-653
58,-726
59,-582
60,-879
61,-525
62,979
63,9388
64,15323
65,2522
66,-1281
67,-1303
68,-1345
69,-1131
70,-1153
71,-1001
72,-1356
73,-1242
74,-1174
75,-795
76,-583
77,-527
78,-549
79,-559
80,-507
81,-466
82,-470
83,-417
84,-368
85,-174
86,223
87,632
88,932
89,1203
90,1568
91,1963
92,1891
93,1741
94,1251
95,611
96,57
97,-370
98,-472
99,-566
100,-760
101,-821
102,-759
103,-695
104,-580
105,-486
106,-432
107,-425
108,-378
109,-299
110,-253
111,-284
112,-335
113,-351
114,-404
115,-415
116,-435
117,-474
118,-477
119,-467
120,-479
121,-486
122,-492
123,-494
124,-472
125,-447
126,-444
127,-474
128,-424
129,-381
130,-434
131,-473
132,-500
133,-585
134,-608
135,-586
136,-560
137,-535
138,-477
139,-427
140,-404
141,-221
142,137
143,525
144,994
145,1240
146,1045
147,620
148,-324
149,-825
150,-629
151,-643
152,-792
153,-776
154,-179
155,4793
156,14564
157,7091
158,-311
159,-1094
160,-1334
161,-1233
162,-1538
163,-1288
164,-1415
165,-1658
166,-1401
167,-1292
168,-844
169,-625
170,-649
171,-661
172,-633
173,-568
174,-617
175,-614
176,-496
177,-279
178,42
179,471
180,800
181,1106
182,1534
183,1841
184,2002
185,1992
186,1631
187,961
188,326
189,-226
190,-443
191,-541
192,-733
193,-899
194,-809
195,-787
196,-679
197,-534
198,-469
199,-430
200,-396
201,-380
202,-407
203,-413
204,-415
205,-441
206,-435
207,-436
208,-414
209,-425
210,-495
211,-535
212,-555
213,-533
214,-523
215,-516
216,-495
217,-456
218,-473
219,-454
220,-413
221,-446
222,-467
223,-470
224,-482
225,-482
226,-522
227,-548
228,-570
229,-580
230,-545
231,-485
232,-430
233,-388
234,-372
235,-337
236,-30
237,229
238,641
239,1076
240,1075
241,630
242,-23
243,-671
244,-880
245,-839
246,-764
247,-896
248,-492
249,620
250,8764
251,16220
252,3229
253,-1356
254,-1337
255,-1505
256,-1210
257,-1265
258,-1052
259,-1435
260,-1364
261,-1291
262,-907
263,-680
264,-525
265,-551
266,-545
267,-462
268,-492
269,-396
270,-356
271,-163
272,149
273,532
274,938
275,1175
276,1498
277,1857
278,2117
279,2152
280,2057
281,1598
282,842
283,240
284,-215
285,-449
286,-518
287,-628
288,-706
289,-689
290,-596
291,-515
292,-426
293,-366
294,-372
295,-353
296,-373
297,-376
298,-338
299,-389
300,-396
301,-378
302,-385
303,-379
304,-363
305,-364
306,-383
307,-379
308,-364
309,-381
310,-386
311,-374
312,-374
313,-366
314,-408
315,-420
316,-405
317,-361
318,-352
319,-386
320,-420
321,-453
322,-440
323,-376
324,-366
325,-324
326,-317
327,-253
328,-129
329,239
330,652
331,1183
332,1435
333,1252
334,607
335,-433
336,-676
337,-529
338,-565
339,-553
340,-558
341,-167
342,4312
343,13929
344,7455
345,-138
346,-1337
347,-1204
348,-1203
349,-1265
350,-1000
351,-1050
352,-1281
353,-1037
354,-978
355,-546
356,-388
357,-434
358,-416
359,-465
360,-414
361,-447
362,-395
363,-299
364,-100
365,232
366,650
367,896
368,1188
369,1602
370,1945
371,2138
372,1913
373,1546
374,955
375,330
376,-134
377,-422
378,-519
379,-579
380,-686
381,-738
382,-640
383,-542
384,-461
385,-415
386,-378
387,-379
388,-352
389,-373
390,-374
391,-357
392,-359
393,-333
394,-349
395,-381
396,-379
397,-445
398,-468
399,-444
400,-462
401,-462
402,-417
403,-411
404,-414
405,-427
406,-438
407,-438
408,-459
409,-471
410,-454
411,-459
412,-486
413,-483
414,-433
415,-398
416,-396
417,-369
418,-288
419,32
420,325
421,825
422,1271
423,1251
424,615
425,-286
426,-742
427,-751
428,-936
429,-640
430,-1392
431,-711
432,1251
433,9887
434,13887
435,2116
436,-1181
437,-1173
438,-1333
439,-1158
440,-1162
441,-1055
442,-1464
443,-1302
444,-1212
445,-765
446,-571
447,-524
448,-544
449,-546
450,-526
451,-564
452,-543
453,-481
454,-373
455,-62
456,447
457,775
458,1073
459,1466
460,1844
461,2134
462,2085
463,1786
464,1221
465,555
466,-41
467,-402
468,-515
469,-617
470,-764
471,-849
472,-784
473,-711
474,-586
475,-491
476,-462
477,-462
478,-363
479,-349
480,-337
481,-353
482,-353
483,-374
484,-439
485,-476
486,-496
487,-503
488,-473
489,-459
490,-463
491,-433
492,-463
493,-499
494,-509
495,-520
496,-520
497,-482
498,-451
499,-474
500,-511
501,-532
502,-528
503,-519
504,-513
505,-482
506,-471
507,-440
508,-376
509,-404
510,-460
511,-388
512,-42
513,267
514,811
515,1097
516,1081
517,537
518,-139
519,-819
520,-813
521,-775
522,-771
523,-1048
524,-640
525,896
526,9477
527,15562
528,2882
529,-1301
530,-1369
531,-1511
532,-1243
533,-1312
534,-1126
535,-1462
536,-1318
537,-1239
538,-837
539,-656
540,-609
541,-617
542,-582
543,-607
544,-593
545,-593
546,-560
547,-316
548,44
549,346
550,746
551,1046
552,1410
553,1823
554,2113
555,2183
556,1892
557,1249
558,637
559,26
560,-385
561,-526
562,-632
563,-760
564,-799
565,-754
566,-691
567,-531
568,-422
569,-376
570,-386
571,-419
572,-432
573,-420
574,-395
575,-411
576,-399
577,-392
578,-458
579,-448
580,-478
581,-534
582,-545
583,-548
584,-549
585,-546
586,-476
587,-421
588,-460
589,-487
590,-540
591,-522
592,-531
593,-571
594,-611
595,-585
596,-531
597,-521
598,-511
599,-550
600,-558
601,-587
602,-553
603,-536
604,-547
605,-511
606,-183
607,187
608,603
609,969
610,1218
611,431
612,-150
613,-859
614,-920
615,-888
616,-750
617,-849
618,-339
619,100
620,7818
621,16155
622,3475
623,-1533
624,-1336
625,-1511
626,-1294
627,-1592
628,-1304
629,-1670
630,-1682
631,-1556
632,-1174
633,-862
634,-656
635,-651
636,-615
637,-597
638,-580
639,-544
640,-487
641,-391
642,-270
643,20
644,471
645,861
646,1228
647,1581
648,1948
649,2087
650,2148
651,1534
652,845
653,209
654,-264
655,-425
656,-544
657,-727
658,-871
659,-845
660,-777
661,-679
662,-592
663,-510
664,-478
665,-452
666,-430
667,-406
668,-372
669,-369
670,-397
671,-428
672,-448
673,-435
674,-417
675,-406
676,-402
677,-428
678,-430
679,-432
680,-463
681,-498
682,-504
683,-477
684,-417
685,-426
686,-483
687,-487
688,-492
689,-523
690,-501
691,-413
692,-455
693,-474
694,-411
695,-408
696,-296
697,-28
698,317
699,687
700,1224
701,1259
702,698
703,4
704,-608
705,-782
706,-634
707,-576
708,-656
709,-315
710,278
711,8287
712,16319
713,3215
714,-1693
715,-1393
716,-1496
717,-1070
718,-1144
719,-837
720,-1172
721,-1147
722,-1045
723,-749
724,-510
725,-418
726,-443
727,-454
728,-482
729,-421
730,-307
731,-291
732,-161
733,50
734,411
735,882
736,1143
737,1483
738,1750
739,1981
740,2165
741,2038
742,1554
743,1027
744,316
745,-105
746,-260
747,-411
748,-479
749,-567
750,-581
751,-569
752,-515
753,-459
754,-411
755,-364
756,-327
757,-299
758,-317
759,-288
760,-307
761,-328
762,-364
763,-390
764,-391
765,-392
766,-417
767,-401
768,-398
769,-375
770,-355
771,-388
772,-399
773,-423
774,-451
775,-448
776,-449
777,-460
778,-487
779,-502
780,-469
781,-443
782,-395
783,-366
784,-324
785,-302
786,-103
787,222
788,608
789,1150
790,1340
791,1069
792,502
793,-489
794,-811
795,-656
796,-720
797,-634
798,-399
799,196
800,5509
801,15796
802,4998
803,-919
804,-736
805,-1273
806,-1002
807,-1227
808,-1021
809,-1219
810,-1411
811,-1111
812,-990
813,-583
814,-437
815,-507
816,-483
817,-468
818,-434
819,-476
820,-434
821,-251
822,102
823,301
824,647
825,999
826,1381
827,1797
828,2086
829,2242
830,2102
831,1715
832,1027
833,320
834,-181
835,-348
836,-477
837,-586
838,-654
839,-670
840,-589
841,-486
842,-398
843,-366
844,-368
845,-387
846,-360
847,-317
848,-335
849,-343
850,-342
851,-298
852,-332
853,-391
854,-392
855,-424
856,-447
857,-422
858,-418
859,-409
860,-379
861,-350
862,-370
863,-405
864,-419
865,-425
866,-411
867,-381
868,-401
869,-432
870,-465
871,-513
872,-518
873,-452
874,-424
875,-407
876,-395
877,-373
878,-234
879,128
880,494
881,822
882,1180
883,1177
884,525
885,-217
886,-813
887,-753
888,-932
889,-754
890,-1255
891,-653
892,2308
893,10899
894,11167
895,1180
896,-1100
897,-1176
898,-1492
899,-1311
900,-1166
901,-1124
902,-1560
903,-1297
904,-1233
905,-780
906,-578
907,-560
908,-576
909,-566
910,-518
911,-510
912,-497
913,-383
914,-92
915,197
916,634
917,928
918,1219
919,1530
920,1975
921,2248
922,2094
923,1801
924,1153
925,527
926,-92
927,-378
928,-487
929,-629
930,-779
931,-759
932,-744
933,-623
934,-498
935,-459
936,-441
937,-410
938,-417
939,-401
940,-399
941,-392
942,-360
943,-357
944,-387
945,-390
946,-379
947,-399
948,-405
949,-389
950,-406
951,-413
952,-440
953,-454
954,-425
955,-420
956,-405
957,-396
958,-367
959,-378
960,-412
961,-439
962,-469
963,-467
964,-444
965,-462
966,-435
967,-411
968,-418
969,-403
970,-390
971,-331
972,-58
973,286
974,639
975,1152
976,1321
977,975
978,341
979,-449
980,-753
981,-710
982,-693
983,-571
984,-385
985,228
986,5555
987,15417
988,5443
989,-506
990,-697
991,-1056
992,-909
993,-1091
994,-789
995,-918
996,-957
997,-701
998,-608
999,-270
1000,1222
1001,1982
1002,945
1003,-68
1004,-613
1005,-921
1006,-612
1007,-664
1008,-786
1009,-751
1010,-717
1011,-738
1012,-592
1013,-619
1014,-587
1015,-563
1016,-499
1017,-443
1018,-353
1019,-401
1020,-330
1021,-292
1022,-412
1023,-359
1024,-556
1025,-671
1026,-609
1027,-462
1028,-484
1029,-534
1030,-611
1031,-560
1032,-537
1033,-680
1034,-682
1035,-547
1036,-568
1037,-604
1038,-576
1039,-544
1040,-298
1041,-19
1042,21
1043,74
1044,374
1045,527
1046,431
1047,35
1048,-374
1049,-685
1050,-831
1051,-1068
1052,-1325
1053,-1442
1054,-1331
1055,-1346
1056,-990
1057,-933
1058,-569
1059,-231
1060,7631
1061,13949
1062,2713
1063,-113
1064,-599
1065,-1086
1066,-1131
1067,-1496
1068,-1339
1069,-1756
1070,-1578
1071,-1581
1072,-1093
1073,-826
1074,-333
1075,-400
1076,-514
1077,-506
1078,-392
1079,119
1080,498
1081,894
1082,1275
1083,1795
1084,2913
1085,3245
1086,3494
1087,3291
1088,2962
1089,2071
1090,908
1091,-219
1092,-603
1093,-805
1094,-1105
1095,-1074
1096,-1044
1097,-1104
1098,-1029
1099,-817
1100,-633
1101,-572
1102,-568
1103,-461
1104,-387
1105,-482
1106,-433
1107,-372
1108,-449
1109,-444
1110,-623
1111,-856
1112,-641
1113,-654
1114,-562
1115,-569
1116,-620
1117,-493
1118,-523
1119,-672
1120,-603
1121,-663
1122,-662
1123,-688
1124,-659
1125,-549
1126,-488
1127,-540
1128,-575
1129,-494
1130,-378
1131,-180
1132,360
1133,302
1134,423
1135,542
1136,484
1137,149
1138,-334
1139,-582
1140,-675
1141,-835
1142,-952
1143,-1165
1144,-1170
1145,-1209
1146,-1005
1147,-949
1148,-1773
1149,-1145
1150,1180
1151,12389
1152,9224
1153,967
1154,39
1155,-1058
1156,-1088
1157,-1542
1158,-1286
1159,-1191
1160,-1470
1161,-1457
1162,-1453
1163,-1000
1164,-538
1165,-409
1166,-532
1167,-510
1168,-310
1169,-63
1170,417
1171,850
1172,1599
1173,1912
1174,2543
1175,3174
1176,3374
1177,3462
1178,3212
1179,2595
1180,1461
1181,497
1182,-380
1183,-695
1184,-846
1185,-1056
1186,-1116
1187,-1019
1188,-913
1189,-794
1190,-658
1191,-602
1192,-493
1193,-475
1194,-448
1195,-427
1196,-377
1197,-359
1198,-347
1199,-351
1200,-384
1201,-364
1202,-426
1203,-535
1204,-588
1205,-646
1206,-636
1207,-403
1208,-503
1209,-499
1210,-285
1211,-440
1212,-445
1213,-378
1214,-371
1215,-533
1216,-742
1217,-694
1218,-547
1219,-505
1220,-463
1221,-336
1222,-317
1223,71
1224,421
1225,570
1226,447
1227,596
1228,350
1229,198
1230,-74
1231,-697
1232,-779
1233,-825
1234,-1143
1235,-1158
1236,-1120
1237,-1055
1238,-931
1239,-1186
1240,-730
1241,-768
1242,6020
1243,14311
1244,3663
1245,-163
1246,-38
1247,-926
1248,-805
1249,-1358
1250,-1201
1251,-1533
1252,-1450
1253,-1399
1254,-1106
1255,-855
1256,-570
1257,-485
1258,-510
1259,-503
1260,35
1261,202
1262,796
1263,1461
1264,1949
1265,2434
1266,3258
1267,3513
1268,3650
1269,3621
1270,3196
1271,2112
1272,1069
1273,-83
1274,-485
1275,-726
1276,-984
1277,-1007
1278,-945
1279,-826
1280,-824
1281,-728
1282,-637
1283,-539
1284,-526
1285,-450
1286,-476
1287,-430
1288,-214
1289,-61
1290,-144
1291,-317
1292,-389
1293,-422
1294,-476
1295,-601
1296,-530
1297,-428
1298,-576
1299,-524
1300,-257
1301,-479
1302,-543
1303,-547
1304,-602
1305,-645
1306,-521
1307,-609
1308,-723
1309,-645
1310,-390
1311,-340
1312,-114
1313,-78
1314,130
1315,304
1316,689
1317,375
1318,-135
1319,-488
1320,-769
1321,-988
1322,-995
1323,-1285
1324,-1617
1325,-1424
1326,-931
1327,-918
1328,-1751
1329,-913
1330,936
1331,12399
1332,9198
1333,749
1334,-111
1335,-877
1336,-1110
1337,-1430
1338,-1253
1339,-1499
1340,-1807
1341,-1570
1342,-1404
1343,-995
1344,-660
1345,-594
1346,-560
1347,-372
1348,-282
1349,-15
1350,622
1351,796
1352,1510
1353,2059
1354,2484
1355,3033
1356,3440
1357,3636
1358,3378
1359,2733
1360,1331
1361,232
1362,-524
1363,-575
1364,-1020
1365,-988
1366,-944
1367,-1065
1368,-1092
1369,-723
1370,-613
1371,-527
1372,-576
1373,-595
1374,-595
1375,-464
1376,-438
1377,-354
1378,-200
1379,-272
1380,-552
1381,-476
1382,-509
1383,-539
1384,-515
1385,-326
1386,-213
1387,-545
1388,-750
1389,-654
1390,-506
1391,-483
1392,-577
1393,-729
1394,-598
1395,-480
1396,-558
1397,-499
1398,-389
1399,-237
1400,-54
1401,42
1402,221
1403,484
1404,493
1405,472
1406,-14
1407,-267
1408,-655
1409,-1029
1410,-1047
1411,-1139
1412,-1452
1413,-1454
1414,-1137
1415,-1149
1416,-1053
1417,-786
1418,-284
1419,7471
1420,13976
1421,3257
1422,-517
1423,-532
1424,-1425
1425,-1233
1426,-1551
1427,-1329
1428,-1772
1429,-1690
1430,-1617
1431,-1110
1432,-819
1433,-626
1434,-531
1435,-624
1436,-526
1437,-99
1438,333
1439,703
1440,1442
1441,2076
1442,2422
1443,3224
1444,3364
1445,4050
1446,3651
1447,3086
1448,1735
1449,869
1450,-127
1451,-665
1452,-776
1453,-1025
1454,-1234
1455,-1149
1456,-987
1457,-918
1458,-766
1459,-638
1460,-511
1461,-536
1462,-594
1463,-455
1464,-491
1465,-448
1466,-400
1467,-388
1468,-407
1469,-370
1470,-319
1471,-371
1472,-522
1473,-700
1474,-617
1475,-642
1476,-624
1477,-516
1478,-482
1479,-415
1480,-530
1481,-530
1482,-596
1483,-596
1484,-539
1485,-514
1486,-604
1487,-524
1488,-517
1489,-495
1490,-531
1491,-567
1492,-495
1493,-411
1494,-438
1495,-280
1496,84
1497,304
1498,561
1499,560
1500,445
1501,66
1502,-121
1503,-479
1504,-772
1505,-869
1506,-970
1507,-1391
1508,-1350
1509,-1279
1510,-992
1511,-1097
1512,-944
1513,-503
1514,4150
1515,14769
1516,4962
1517,228
1518,241
1519,-1324
1520,-965
1521,-1463
1522,-1199
1523,-1605
1524,-1710
1525,-1466
1526,-1170
1527,-780
1528,-607
1529,-706
1530,-545
1531,-590
1532,-306
1533,75
1534,506
1535,853
1536,1483
1537,2147
1538,2890
1539,3404
1540,3697
1541,3641
1542,3329
1543,2319
1544,1279
1545,215
1546,-561
1547,-898
1548,-943
1549,-1207
1550,-1167
1551,-1116
1552,-741
1553,-641
1554,-582
1555,-544
1556,-450
1557,-460
1558,-463
1559,-507
1560,-385
1561,-316
1562,-324
1563,-390
1564,-422
1565,-450
1566,-416
1567,-222
1568,-461
1569,-376
1570,-500
1571,-648
1572,-529
1573,-439
1574,-504
1575,-577
1576,-520
1577,-622
1578,-611
1579,-515
1580,-580
1581,-621
1582,-489
1583,-542
1584,-467
1585,-175
1586,23
1587,95
1588,299
1589,370
1590,61
1591,93
1592,-214
1593,-332
1594,-517
1595,-1073
1596,-1111
1597,-1252
1598,-1396
1599,-1397
1600,-1260
1601,-1027
1602,-1062
1603,-558
1604,237
1605,7962
1606,13316
1607,3059
1608,-238
1609,-755
1610,-1068
1611,-1184
1612,-1231
1613,-1100
1614,-1616
1615,-1478
1616,-1573
1617,-1108
1618,-772
1619,-604
1620,-692
1621,-524
1622,-434
1623,-88
1624,76
1625,388
1626,1209
1627,1733
1628,2137
1629,2548
1630,3074
1631,3315
1632,3232
1633,2616
1634,1480
1635,604
1636,-263
1637,-580
1638,-951
1639,-1148
1640,-1212
1641,-1086
1642,-1091
1643,-874
1644,-826
1645,-663
1646,-561
1647,-542
1648,-536
1649,-518
1650,-562
1651,-537
1652,-347
1653,-133
1654,-268
1655,-402
1656,-378
1657,-569
1658,-517
1659,-492
1660,-598
1661,-513
1662,-579
1663,-682
1664,-605
1665,-624
1666,-673
1667,-581
1668,-634
1669,-692
1670,-578
1671,-462
1672,-156
1673,66
1674,275
1675,648
1676,543
1677,404
1678,395
1679,-217
1680,-648
1681,-780
1682,-810
1683,-1057
1684,-1466
1685,-1368
1686,-1232
1687,-941
1688,-991
1689,-887
1690,-384
1691,4082
1692,14209
1693,5128
1694,153
1695,455
1696,-1404
1697,-925
1698,-1533
1699,-1207
1700,-1516
1701,-1652
1702,-1633
1703,-1162
1704,-710
1705,-563
1706,-475
1707,-592
1708,-635
1709,-449
1710,-89
1711,306
1712,1035
1713,1692
1714,2233
1715,3088
1716,3537
1717,3808
1718,3921
1719,3679
1720,2686
1721,1286
1722,144
1723,-399
1724,-716
1725,-927
1726,-1011
1727,-1029
1728,-1054
1729,-861
1730,-666
1731,-555
1732,-483
1733,-458
1734,-548
1735,-548
1736,-477
1737,-485
1738,-402
1739,-277
1740,-343
1741,-515
1742,-564
1743,-511
1744,-447
1745,-436
1746,-539
1747,-474
1748,-492
1749,-425
1750,-502
1751,-684
1752,-631
1753,-548
1754,-586
1755,-546
1756,-575
1757,-577
1758,-575
1759,-526
1760,-526
1761,-524
1762,-587
1763,-568
1764,-601
1765,-626
1766,-645
1767,-594
1768,-590
1769,-483
1770,-451
1771,-321
1772,177
1773,239
1774,238
1775,249
1776,172
1777,229
1778,-183
1779,-578
1780,-839
1781,-932
1782,-1346
1783,-1598
1784,-1712
1785,-1161
1786,-1201
1787,-821
1788,-1694
1789,-980
1790,107
1791,10481
1792,11830
1793,1615
1794,-79
1795,-586
1796,-1249
1797,-1298
1798,-1223
1799,-1205
1800,-1575
1801,-1404
1802,-1467
1803,-979
1804,-729
1805,-540
1806,-493
1807,-515
1808,-343
1809,-11
1810,136
1811,489
1812,1231
1813,2055
1814,2473
1815,2782
1816,3226
1817,3743
1818,3446
1819,3152
1820,2060
1821,1068
1822,-2
1823,-525
1824,-757
1825,-861
1826,-924
1827,-1050
1828,-893
1829,-874
1830,-698
1831,-581
1832,-458
1833,-464
1834,-464
1835,-480
1836,-416
1837,-418
1838,-334
1839,-311
1840,-179
1841,-355
1842,-496
1843,-465
1844,-501
1845,-550
1846,-598
1847,-526
1848,-465
1849,-551
1850,-607
1851,-497
1852,-501
1853,-478
1854,-442
1855,-496
1856,-615
1857,-547
1858,-472
1859,-560
1860,-549
1861,-538
1862,-518
1863,-504
1864,-512
1865,-553
1866,-572
1867,-537
1868,-571
1869,-633
1870,-583
1871,-511
1872,-248
1873,-39
1874,58
1875,389
1876,521
1877,766
1878,760
1879,386
1880,-252
1881,-576
1882,-830
1883,-1075
1884,-1336
1885,-1584
1886,-1458
1887,-1273
1888,-933
1889,-1420
1890,-994
1891,930
1892,12000
1893,9474
1894,1717
1895,-261
1896,-1028
1897,-1329
1898,-1711
1899,-1533
1900,-1417
1901,-1793
1902,-1611
1903,-1491
1904,-861
1905,-624
1906,-655
1907,-647
1908,-698
1909,-623
1910,-212
1911,212
1912,532
1913,1158
1914,1575
1915,2207
1916,3042
1917,3065
1918,3421
1919,2972
1920,2693
1921,1240
1922,556
1923,-231
1924,-622
1925,-1026
1926,-1178
1927,-1243
1928,-1278
1929,-1226
1930,-1049
1931,-780
1932,-620
1933,-640
1934,-545
1935,-486
1936,-539
1937,-502
1938,-425
1939,-329
1940,-407
1941,-544
1942,-629
1943,-671
1944,-633
1945,-503
1946,-573
1947,-635
1948,-648
1949,-632
1950,-570
1951,-420
1952,-585
1953,-708
1954,-689
1955,-707
1956,-754
1957,-664
1958,-771
1959,-771
1960,-615
1961,-534
1962,-520
1963,-164
1964,165
1965,99
1966,260
1967,364
1968,500
1969,-173
1970,-523
1971,-797
1972,-917
1973,-1071
1974,-1372
1975,-1729
1976,-1365
1977,-1308
1978,-1053
1979,-1288
1980,-925
1981,-948
1982,5462
1983,13806
1984,4421
1985,-42
1986,-175
1987,-1148
1988,-1011
1989,-1469
1990,-1254
1991,-1595
1992,-1647
1993,-1597
1994,-1335
1995,-830
1996,-571
1997,-530
1998,-401
1999,-340
2000,2068
2001,1424
2002,393
2003,-32
2004,-760
2005,-815
2006,-830
2007,-891
2008,-1166
2009,-879
2010,-931
2011,-718
2012,-549
2013,-418
2014,-401
2015,-359
2016,-199
2017,149
2018,391
2019,590
2020,651
2021,772
2022,487
2023,20
2024,-398
2025,-532
2026,-605
2027,-645
2028,-682
2029,-695
2030,-731
2031,-722
2032,-703
2033,-666
2034,-645
2035,-654
2036,-622
2037,-558
2038,-505
2039,-470
2040,-491
2041,-524
2042,-510
2043,-546
2044,-597
2045,-679
2046,-671
2047,-655
2048,-648
2049,-639
2050,-646
2051,-689
2052,-660
2053,-644
2054,-558
2055,-640
2056,-719
2057,-561
2058,-475
2059,-802
2060,-1119
2061,-1254
2062,4727
2063,12618
2064,5229
2065,-304
2066,-729
2067,-1005
2068,-931
2069,-1236
2070,-962
2071,-1215
2072,-1440
2073,-1295
2074,-1126
2075,-764
2076,-551
2077,-652
2078,-661
2079,-562
2080,-458
2081,-352
2082,-276
2083,-184
2084,-142
2085,-86
2086,-41
2087,-13
2088,-61
2089,-95
2090,-148
2091,-411
2092,-599
2093,-648
2094,-735
2095,-775
2096,-735
2097,-724
2098,-685
2099,-662
2100,-622
2101,-560
2102,-579
2103,-596
2104,-597
2105,-572
2106,-568
2107,-458
2108,-520
2109,-767
2110,-786
2111,-659
2112,-835
2113,-1957
2114,-1550
2115,1302
2116,11758
2117,9115
2118,792
2119,-768
2120,-727
2121,-1001
2122,-977
2123,-863
2124,-984
2125,-1350
2126,-1183
2127,-1377
2128,-1072
2129,-855
2130,-795
2131,-604
2132,-306
2133,36
2134,292
2135,682
2136,806
2137,1022
2138,1014
2139,1076
2140,635
2141,125
2142,-324
2143,-503
2144,-584
2145,-733
2146,-818
2147,-864
2148,-900
2149,-836
2150,-770
2151,-724
2152,-795
2153,-736
2154,-477
2155,-561
2156,-873
2157,-995
2158,-551
2159,7880
2160,11691
2161,2377
2162,-417
2163,-524
2164,-859
2165,-768
2166,-886
2167,-973
2168,-1337
2169,-1229
2170,-1313
2171,-1014
2172,-771
2173,-641
2174,-558
2175,-439
2176,-179
2177,185
2178,522
2179,782
2180,962
2181,977
2182,948
2183,550
2184,38
2185,-349
2186,-531
2187,-566
2188,-650
2189,-697
2190,-729
2191,-738
2192,-766
2193,-798
2194,-712
2195,-512
2196,-513
2197,-541
2198,-655
2199,4074
2200,11784
2201,3172
2202,-866
2203,-463
2204,-569
2205,-426
2206,-745
2207,-728
2208,-930
2209,-1004
2210,-1073
2211,-992
2212,-814
2213,-663
2214,-516
2215,-226
2216,166
2217,445
2218,633
2219,784
2220,1006
2221,1113
2222,1010
2223,792
2224,285
2225,-226
2226,-513
2227,-671
2228,-722
2229,-750
2230,-680
2231,-610
2232,-264
2233,-234
2234,-251
2235,-498
2236,2951
2237,11369
2238,5405
2239,-584
2240,-421
2241,-783
2242,-688
2243,-939
2244,-793
2245,-1030
2246,-1135
2247,-1101
2248,-1012
2249,-708
2250,-508
2251,-322
2252,-129
2253,205
2254,405
2255,669
2256,908
2257,1052
2258,1212
2259,1172
2260,997
2261,561
2262,-168
2263,-533
2264,-568
2265,-636
2266,-669
2267,-755
2268,-745
2269,-416
2270,-393
2271,-566
2272,-770
2273,2575
2274,11351
2275,6345
2276,-279
2277,-231
2278,-910
2279,-717
2280,-1008
2281,-889
2282,-1234
2283,-1456
2284,-1387
2285,-1353
2286,-954
2287,-659
2288,-540
2289,-455
2290,-278
2291,-143
2292,-62
2293,19
2294,181
2295,275
2296,494
2297,415
2298,217
2299,-220
2300,-536
2301,-679
2302,-705
2303,-682
2304,-846
2305,-936
2306,-724
2307,-531
2308,-691
2309,-715
2310,-375
2311,8071
2312,11432
2313,444
2314,-748
2315,-635
2316,-818
2317,-783
2318,-842
2319,-940
2320,-1323
2321,-1127
2322,-1184
2323,-782
2324,-517
2325,-481
2326,-509
2327,-509
2328,-425
2329,-255
2330,-159
2331,-66
2332,168
2333,292
2334,299
2335,45
2336,-215
2337,-525
2338,-663
2339,-552
2340,-548
2341,-660
2342,-707
2343,-432
2344,-604
2345,-795
2346,-981
2347,3665
2348,12595
2349,5255
2350,-828
2351,-340
2352,-1006
2353,-785
2354,-1016
2355,-816
2356,-1142
2357,-1218
2358,-1048
2359,-1047
2360,-745
2361,-603
2362,-634
2363,-590
2364,-493
2365,-385
2366,-318
2367,-190
2368,-104
2369,294
2370,444
2371,255
2372,-81
2373,-370
2374,-412
2375,-528
2376,-641
2377,-743
2378,-807
2379,-846
2380,-578
2381,-537
2382,-847
2383,-809
2384,1406
2385,10363
2386,7882
2387,-515
2388,-420
2389,-605
2390,-595
2391,-851
2392,-741
2393,-989
2394,-1167
2395,-1107
2396,-1137
2397,-845
2398,-639
2399,-536
2400,-470
2401,-279
2402,-124
2403,-16
2404,112
2405,363
2406,738
2407,787
2408,833
2409,375
2410,-130
2411,-399
2412,-477
2413,-602
2414,-643
2415,-699
2416,-656
2417,-627
2418,-551
2419,-454
2420,-328
2421,-200
2422,-115
2423,3
2424,-54
2425,-165
2426,-278
2427,-322
2428,-387
2429,-413
2430,-443
2431,-485
2432,-520
2433,-523
2434,-476
2435,-453
2436,-442
2437,-411
2438,-394
2439,-337
2440,-240
2441,-229
2442,-172
2443,-1
2444,77
2445,-1138
2446,-1065
2447,1716
2448,10426
2449,7018
2450,472
2451,-849
2452,-732
2453,-615
2454,-760
2455,-567
2456,-700
2457,-874
2458,-757
2459,-696
2460,-516
2461,-356
2462,-300
2463,-338
2464,-386
2465,-450
2466,-344
2467,-275
2468,-200
2469,0
2470,126
2471,341
2472,445
2473,439
2474,314
2475,139
2476,-105
2477,-257
2478,-317
2479,-342
2480,-376
2481,-469
2482,-553
2483,-559
2484,-540
2485,-519
2486,-504
2487,-458
2488,-456
2489,-428
2490,-451
2491,-475
2492,-382
2493,-422
2494,-1308
2495,-1350
2496,1171
2497,10588
2498,8448
2499,862
2500,-204
2501,-964
2502,-911
2503,-971
2504,-832
2505,-939
2506,-1232
2507,-1097
2508,-1131
2509,-868
2510,-669
2511,-569
2512,-465
2513,-180
2514,85
2515,413
2516,806
2517,930
2518,1010
2519,829
2520,666
2521,265
2522,-252
2523,-529
2524,-572
2525,-626
2526,-626
2527,-662
2528,-680
2529,-631
2530,-568
2531,-409
2532,-353
2533,-271
2534,-198
2535,-308
2536,-527
2537,-1023
2538,-1398
2539,5634
2540,11871
2541,2483
2542,-781
2543,-510
2544,-721
2545,-564
2546,-910
2547,-789
2548,-1018
2549,-984
2550,-1091
2551,-956
2552,-751
2553,-571
2554,-538
2555,-432
2556,-169
2557,61
2558,367
2559,713
2560,946
2561,977
2562,889
2563,597
2564,31
2565,-299
2566,-457
2567,-592
2568,-606
2569,-611
2570,-686
2571,-629
2572,-576
2573,-509
2574,-487
2575,-478
2576,-497
2577,-492
2578,-449
2579,-442
2580,-468
2581,-514
2582,-553
2583,-577
2584,-600
2585,-608
2586,-613
2587,-615
2588,-612
2589,-561
2590,-548
2591,-381
2592,-331
2593,-357
2594,-349
2595,-351
2596,-433
2597,-1462
2598,-1105
2599,2341
2600,12006
2601,7742
2602,361
2603,-1022
2604,-925
2605,-1081
2606,-1086
2607,-892
2608,-1016
2609,-1299
2610,-1057
2611,-1054
2612,-688
2613,-490
2614,-461
2615,-445
2616,-414
2617,-424
2618,-366
2619,-437
2620,-428
2621,-371
2622,-203
2623,-14
2624,308
2625,285
2626,77
2627,-221
2628,-365
2629,-436
2630,-377
2631,-342
2632,-427
2633,-548
2634,-627
2635,-676
2636,-688
2637,-720
2638,-720
2639,-592
2640,-452
2641,-620
2642,-704
2643,-1088
2644,4482
2645,12113
2646,4270
2647,-201
2648,-271
2649,-694
2650,-561
2651,-923
2652,-802
2653,-1186
2654,-1281
2655,-1275
2656,-1165
2657,-901
2658,-617
2659,-336
2660,-6
2661,303
2662,642
2663,951
2664,1265
2665,1651
2666,1790
2667,1559
2668,970
2669,294
2670,-274
2671,-515
2672,-538
2673,-552
2674,-625
2675,-752
2676,-704
2677,-658
2678,-604
2679,-545
2680,-470
2681,-371
2682,-119
2683,-123
2684,-881
2685,-1020
2686,2314
2687,11052
2688,6105
2689,-114
2690,-721
2691,-661
2692,-635
2693,-873
2694,-636
2695,-803
2696,-970
2697,-912
2698,-888
2699,-608
2700,-526
2701,-522
2702,-507
2703,-361
2704,-145
2705,-28
2706,197
2707,280
2708,398
2709,489
2710,326
2711,181
2712,-182
2713,-467
2714,-546
2715,-549
2716,-633
2717,-677
2718,-705
2719,-723
2720,-713
2721,-678
2722,-693
2723,-709
2724,-674
2725,-578
2726,-624
2727,-608
2728,-253
2729,-314
2730,-730
2731,-1232
2732,-469
2733,8432
2734,11064
2735,2512
2736,-691
2737,-635
2738,-1109
2739,-1013
2740,-1193
2741,-1103
2742,-1376
2743,-1223
2744,-1204
2745,-902
2746,-587
2747,-428
2748,-325
2749,-197
2750,-131
2751,-68
2752,44
2753,159
2754,327
2755,351
2756,412
2757,80
2758,-266
2759,-457
2760,-532
2761,-583
2762,-563
2763,-466
2764,-403
2765,-374
2766,-413
2767,-467
2768,-544
2769,-625
2770,-712
2771,-717
2772,-685
2773,-681
2774,-674
2775,-638
2776,-651
2777,-595
2778,-489
2779,-452
2780,-580
2781,-449
2782,-453
2783,-1578
2784,-1330
2785,531
2786,10344
2787,10489
2788,1804
2789,-274
2790,-693
2791,-1176
2792,-1139
2793,-1218
2794,-1274
2795,-1614
2796,-1417
2797,-1468
2798,-1049
2799,-699
2800,-495
2801,-444
2802,-268
2803,-121
2804,92
2805,250
2806,366
2807,601
2808,609
2809,678
2810,408
2811,140
2812,-283
2813,-412
2814,-505
2815,-645
2816,-651
2817,-644
2818,-694
2819,-682
2820,-624
2821,-602
2822,-588
2823,-575
2824,-587
2825,-596
2826,-561
2827,-519
2828,-487
2829,-430
2830,-451
2831,-488
2832,-504
2833,-526
2834,-586
2835,-655
2836,-649
2837,-641
2838,-604
2839,-588
2840,-591
2841,-608
2842,-605
2843,-606
2844,-520
2845,-551
2846,-495
2847,-446
2848,-533
2849,-499
2850,-377
2851,-553
2852,-1659
2853,-1397
2854,1908
2855,11431
2856,7997
2857,441
2858,-871
2859,-759
2860,-844
2861,-941
2862,-717
2863,-877
2864,-1226
2865,-1134
2866,-1227
2867,-960
2868,-784
2869,-725
2870,-690
2871,-629
2872,-432
2873,-208
2874,-14
2875,184
2876,480
2877,724
2878,937
2879,970
2880,840
2881,345
2882,-125
2883,-434
2884,-631
2885,-665
2886,-652
2887,-731
2888,-747
2889,-681
2890,-587
2891,-447
2892,-403
2893,-309
2894,-246
2895,-230
2896,-285
2897,-359
2898,-451
2899,-544
2900,-571
2901,-569
2902,-555
2903,-561
2904,-529
2905,-494
2906,-493
2907,-477
2908,-464
2909,-444
2910,-410
2911,-406
2912,-373
2913,-339
2914,-364
2915,-417
2916,-525
2917,-602
2918,-638
2919,-643
2920,-655
2921,-616
2922,-574
2923,-512
2924,-482
2925,-514
2926,-537
2927,-512
2928,-492
2929,-492
2930,-457
2931,-434
2932,-399
2933,-323
2934,-446
2935,-685
2936,-700
2937,-571
2938,-581
2939,-1431
2940,-1341
2941,1051
2942,9852
2943,9222
2944,981
2945,-852
2946,-589
2947,-755
2948,-742
2949,-642
2950,-714
2951,-1006
2952,-810
2953,-970
2954,-801
2955,-703
2956,-669
2957,-582
2958,-481
2959,-262
2960,-105
2961,174
2962,205
2963,268
2964,248
2965,250
2966,276
2967,281
2968,158
2969,-51
2970,-373
2971,-558
2972,-593
2973,-626
2974,-672
2975,-693
2976,-681
2977,-636
2978,-600
2979,-596
2980,-515
2981,-449
2982,-493
2983,-620
2984,-1071
2985,5773
2986,11928
2987,2032
2988,-549
2989,-349
2990,-781
2991,-625
2992,-871
2993,-803
2994,-1101
2995,-944
2996,-858
2997,-697
2998,-397
2999,-286
3000,-2548
3001,-870
3002,3783
3003,11519
3004,9723
3005,2413
3006,77
3007,-827
3008,-1287
3009,-1390
3010,-1136
3011,-1191
3012,-1452
3013,-1212
3014,-1100
3015,-763
3016,-484
3017,-474
3018,-351
3019,-406
3020,-502
3021,-550
3022,-458
3023,-300
3024,-272
3025,-209
3026,-173
3027,-203
3028,-176
3029,-219
3030,-77
3031,13
3032,207
3033,194
3034,353
3035,92
3036,-250
3037,-237
3038,-151
3039,-224
3040,-373
3041,-390
3042,-448
3043,-482
3044,-439
3045,-432
3046,-455
3047,-397
3048,-321
3049,-325
3050,-310
3051,-385
3052,-447
3053,-452
3054,-425
3055,-416
3056,-416
3057,-363
3058,-271
3059,-351
3060,-321
3061,-647
3062,-978
3063,-886
3064,-1008
3065,-930
3066,-2039
3067,-343
3068,3566
3069,10115
3070,11600
3071,3011
3072,718
3073,-599
3074,-1164
3075,-1233
3076,-1475
3077,-1253
3078,-1736
3079,-1636
3080,-1388
3081,-914
3082,-483
3083,-272
3084,-425
3085,-461
3086,-455
3087,-562
3088,-552
3089,-637
3090,-598
3091,-355
3092,-268
3093,146
3094,538
3095,789
3096,1002
3097,1171
3098,917
3099,540
3100,184
3101,-113
3102,-283
3103,-343
3104,-427
3105,-605
3106,-591
3107,-626
3108,-495
3109,-468
3110,-464
3111,-424
3112,-394
3113,-373
3114,-370
3115,-352
3116,-305
3117,-370
3118,-457
3119,-449
3120,-417
3121,-435
3122,-532
3123,-606
3124,-686
3125,-554
3126,-669
3127,-739
3128,-1857
3129,249
3130,4554
3131,10693
3132,11239
3133,2549
3134,384
3135,-827
3136,-1049
3137,-1185
3138,-965
3139,-854
3140,-1247
3141,-1167
3142,-953
3143,-609
3144,-411
3145,-380
3146,-420
3147,-455
3148,-432
3149,-465
3150,-447
3151,-447
3152,-411
3153,-346
3154,-200
3155,-48
3156,375
3157,496
3158,559
3159,598
3160,453
3161,407
3162,172
3163,92
3164,-83
3165,-229
3166,-408
3167,-528
3168,-465
3169,-392
3170,-320
3171,-237
3172,-270
3173,-149
3174,-322
3175,-370
3176,-350
3177,-387
3178,-397
3179,-375
3180,-401
3181,-473
3182,-326
3183,-310
3184,-117
3185,-224
3186,-285
3187,-221
3188,-273
3189,-348
3190,-409
3191,-482
3192,-532
3193,-691
3194,-943
3195,-917
3196,-660
3197,-863
3198,-1310
3199,-629
3200,2616
3201,9919
3202,12305
3203,4738
3204,637
3205,121
3206,-1300
3207,-1155
3208,-1403
3209,-1011
3210,-1273
3211,-1320
3212,-1075
3213,-847
3214,-440
3215,-332
3216,-346
3217,-281
3218,-366
3219,-453
3220,-462
3221,-422
3222,-283
3223,-250
3224,-102
3225,-186
3226,49
3227,-48
3228,215
3229,214
3230,266
3231,339
3232,147
3233,60
3234,-131
3235,-218
3236,-292
3237,-154
3238,-292
3239,-309
3240,-383
3241,-389
3242,-301
3243,-363
3244,-344
3245,-298
3246,-473
3247,-435
3248,-413
3249,-278
3250,-143
3251,-115
3252,-78
3253,-13
3254,-14
3255,-241
3256,-285
3257,-243
3258,-304
3259,-284
3260,-321
3261,-396
3262,-349
3263,-400
3264,-372
3265,-309
3266,-257
3267,-111
3268,-287
3269,-280
3270,-327
3271,-332
3272,-247
3273,-324
3274,-321
3275,-287
3276,-287
3277,-162
3278,-205
3279,-208
3280,-247
3281,-249
3282,-362
3283,-367
3284,-304
3285,-378
3286,-404
3287,-381
3288,-412
3289,-400
3290,-365
3291,-387
3292,-340
3293,-313
3294,-333
3295,-331
3296,-334
3297,-335
3298,-329
3299,-356
3300,-465
3301,-501
3302,-538
3303,-734
3304,-995
3305,-730
3306,-954
3307,-803
3308,-1451
3309,467
3310,6367
3311,12091
3312,8761
3313,1966
3314,443
3315,-1316
3316,-1382
3317,-1585
3318,-1319
3319,-1311
3320,-1596
3321,-1295
3322,-1009
3323,-635
3324,-295
3325,-285
3326,-327
3327,-399
3328,-464
3329,-577
3330,-573
3331,-544
3332,-464
3333,-357
3334,-333
3335,-302
3336,-225
3337,-226
3338,15
3339,105
3340,32
3341,138
3342,-8
3343,-42
3344,-142
3345,-225
3346,-312
3347,-364
3348,-424
3349,-551
3350,-562
3351,-528
3352,-441
3353,-379
3354,-418
3355,-536
3356,-543
3357,-593
3358,-733
3359,-687
3360,-797
3361,-731
3362,-1661
3363,-187
3364,4586
3365,10291
3366,10275
3367,2105
3368,257
3369,-808
3370,-1015
3371,-1136
3372,-1031
3373,-1011
3374,-1355
3375,-1232
3376,-1153
3377,-725
3378,-467
3379,-513
3380,-507
3381,-519
3382,-567
3383,-517
3384,-175
3385,-174
3386,7
3387,248
3388,240
3389,490
3390,623
3391,763
3392,842
3393,691
3394,450
3395,151
3396,-133
3397,-279
3398,-298
3399,-370
3400,-366
3401,-390
3402,-375
3403,-450
3404,-463
3405,-417
3406,-449
3407,-530
3408,-491
3409,-390
3410,-268
3411,-156
3412,-19
3413,-1
3414,-25
3415,-133
3416,-293
3417,-337
3418,-403
3419,-506
3420,-700
3421,-1027
3422,-900
3423,-637
3424,-580
3425,-540
3426,-854
3427,873
3428,6756
3429,11944
3430,7900
3431,914
3432,-182
3433,-1395
3434,-1562
3435,-1544
3436,-848
3437,-765
3438,-973
3439,-704
3440,-523
3441,-240
3442,-90
3443,-154
3444,-204
3445,-255
3446,-270
3447,-351
3448,-362
3449,-316
3450,-318
3451,-206
3452,-106
3453,-75
3454,62
3455,66
3456,234
3457,482
3458,592
3459,281
3460,22
3461,-178
3462,-286
3463,-228
3464,-203
3465,-274
3466,-295
3467,-302
3468,-341
3469,-309
3470,-234
3471,-315
3472,-312
3473,-322
3474,-306
3475,-227
3476,-202
3477,-263
3478,-267
3479,-301
3480,-460
3481,-356
3482,-227
3483,-247
3484,-334
3485,-365
3486,-453
3487,-515
3488,-421
3489,-395
3490,-440
3491,-474
3492,-460
3493,-619
3494,-673
3495,-643
3496,-653
3497,-983
3498,-1559
3499,-908
3500,2205
3501,9217
3502,12061
3503,4669
3504,631
3505,-16
3506,-1131
3507,-1018
3508,-1164
3509,-947
3510,-1293
3511,-1404
3512,-1359
3513,-1104
3514,-800
3515,-546
3516,-542
3517,-528
3518,-475
3519,-431
3520,-418
3521,-504
3522,-362
3523,-331
3524,-349
3525,-342
3526,-323
3527,-261
3528,-174
3529,81
3530,85
3531,235
3532,136
3533,167
3534,37
3535,-65
3536,-197
3537,-306
3538,-374
3539,-378
3540,-409
3541,-443
3542,-465
3543,-421
3544,-457
3545,-394
3546,-364
3547,-281
3548,-257
3549,-341
3550,-268
3551,-281
3552,-338
3553,-338
3554,-384
3555,-384
3556,-387
3557,-408
3558,-426
3559,-387
3560,-392
3561,-315
3562,-303
3563,-290
3564,-237
3565,-276
3566,-341
3567,-358
3568,-288
3569,-229
3570,-219
3571,-280
3572,-287
3573,-296
3574,-310
3575,-281
3576,-292
3577,-274
3578,-289
3579,-333
3580,-373
3581,-409
3582,-383
3583,-314
3584,-294
3585,-249
3586,-219
3587,-172
3588,-95
3589,129
3590,71
3591,164
3592,-34
3593,-171
3594,-375
3595,-759
3596,-867
3597,-716
3598,-777
3599,-859
3600,-1955
3601,-268
3602,4328
3603,10682
3604,11751
3605,2950
3606,875
3607,-422
3608,-1145
3609,-1254
3610,-1311
3611,-1169
3612,-1579
3613,-1421
3614,-1131
3615,-739
3616,-337
3617,-156
3618,-254
3619,-293
3620,-358
3621,-411
3622,-416
3623,-396
3624,-347
3625,-379
3626,-310
3627,-279
3628,-173
3629,-171
3630,-34
3631,-25
3632,216
3633,263
3634,255
3635,155
3636,11
3637,-89
3638,-173
3639,-204
3640,-323
3641,-419
3642,-442
3643,-483
3644,-458
3645,-310
3646,-300
3647,-264
3648,-301
3649,-377
3650,-425
3651,-410
3652,-447
3653,-453
3654,-459
3655,-574
3656,-693
3657,-947
3658,-678
3659,-729
3660,-815
3661,-1884
3662,-362
3663,4661
3664,10872
3665,10487
3666,1464
3667,373
3668,-862
3669,-955
3670,-1075
3671,-959
3672,-939
3673,-1234
3674,-1028
3675,-930
3676,-612
3677,-408
3678,-336
3679,-378
3680,-386
3681,-389
3682,-386
3683,-385
3684,-285
3685,-215
3686,-103
3687,49
3688,303
3689,493
3690,651
3691,882
3692,810
3693,793
3694,590
3695,413
3696,27
3697,-161
3698,-341
3699,-440
3700,-485
3701,-506
3702,-453
3703,-486
3704,-474
3705,-396
3706,-271
3707,-232
3708,-204
3709,-186
3710,-191
3711,-138
3712,-175
3713,-189
3714,-219
3715,-201
3716,-105
3717,-304
3718,-403
3719,-355
3720,-376
3721,-328
3722,-370
3723,-405
3724,-398
3725,-339
3726,-376
3727,-377
3728,-385
3729,-311
3730,-611
3731,-859
3732,-547
3733,-803
3734,-686
3735,-866
3736,1150
3737,7336
3738,11973
3739,6826
3740,896
3741,295
3742,-1245
3743,-924
3744,-1023
3745,-784
3746,-1041
3747,-1347
3748,-1105
3749,-958
3750,-648
3751,-449
3752,-428
3753,-451
3754,-498
3755,-442
3756,-354
3757,-302
3758,-361
3759,-394
3760,-457
3761,-449
3762,-427
3763,-362
3764,-317
3765,-294
3766,-174
3767,-36
3768,-121
3769,-345
3770,-624
3771,-857
3772,-953
3773,-935
3774,-983
3775,-980
3776,-936
3777,-894
3778,-704
3779,-566
3780,-434
3781,-413
3782,-410
3783,-416
3784,-434
3785,-560
3786,-580
3787,-507
3788,-621
3789,-542
3790,-507
3791,-493
3792,-372
3793,-389
3794,-394
3795,-376
3796,-406
3797,-422
3798,-378
3799,-348
3800,-368
3801,-328
3802,-377
3803,-337
3804,-319
3805,-243
3806,-145
3807,-183
3808,-283
3809,-483
3810,-625
3811,-827
3812,-634
3813,-632
3814,-884
3815,-478
3816,2087
3817,8880
3818,12370
3819,5381
3820,883
3821,167
3822,-1063
3823,-879
3824,-1045
3825,-808
3826,-1025
3827,-1159
3828,-1005
3829,-824
3830,-421
3831,-250
3832,-324
3833,-348
3834,-356
3835,-321
3836,-302
3837,-255
3838,-238
3839,-183
3840,-82
3841,-128
3842,-74
3843,92
3844,197
3845,289
3846,581
3847,731
3848,372
3849,235
3850,-14
3851,-80
3852,-157
3853,-228
3854,-251
3855,-314
3856,-296
3857,-320
3858,-183
3859,-140
3860,-156
3861,-131
3862,-319
3863,-316
3864,-318
3865,-339
3866,-279
3867,-225
3868,-316
3869,-251
3870,-247
3871,-299
3872,-233
3873,-210
3874,-237
3875,-206
3876,-263
3877,-257
3878,-289
3879,-235
3880,-246
3881,-191
3882,-292
3883,-309
3884,-311
3885,-430
3886,-396
3887,-368
3888,-369
3889,-353
3890,-307
3891,-305
3892,-258
3893,-319
3894,-411
3895,-349
3896,-408
3897,-460
3898,-372
3899,-393
3900,-461
3901,-412
3902,-443
3903,-473
3904,-440
3905,-938
3906,-1090
3907,-839
3908,-1016
3909,-1076
3910,-820
3911,1825
3912,9291
3913,12751
3914,5136
3915,752
3916,174
3917,-1237
3918,-1056
3919,-1375
3920,-1023
3921,-1434
3922,-1586
3923,-1365
3924,-1050
3925,-721
3926,-464
3927,-417
3928,-395
3929,-370
3930,-380
3931,-381
3932,-340
3933,-364
3934,-293
3935,-298
3936,-237
3937,-254
3938,-217
3939,-216
3940,-247
3941,-95
3942,14
3943,29
3944,-77
3945,-103
3946,-118
3947,-314
3948,-312
3949,-364
3950,-405
3951,-432
3952,-478
3953,-551
3954,-522
3955,-439
3956,-424
3957,-358
3958,-276
3959,-255
3960,-262
3961,-281
3962,-212
3963,-157
3964,-132
3965,-292
3966,-307
3967,-390
3968,-445
3969,-394
3970,-367
3971,-379
3972,-407
3973,-399
3974,-359
3975,-358
3976,-360
3977,-423
3978,-422
3979,-581
3980,-458
3981,-715
3982,-813
3983,-1886
3984,-186
3985,4429
3986,10443
3987,10546
3988,1823
3989,620
3990,-733
3991,-748
3992,-899
3993,-719
3994,-762
3995,-1189
3996,-980
3997,-876
3998,-585
3999,-260
4000,568
4001,1075
4002,752
4003,609
4004,101
4005,-647
4006,-313
4007,-150
4008,-213
4009,-197
4010,-55
4011,-863
4012,-611
4013,-398
4014,-722
4015,-1428
4016,-7809
4017,-4767
4018,3823
4019,8832
4020,-370
4021,-594
4022,-664
4023,672
4024,1641
4025,1760
4026,1617
4027,945
4028,132
4029,-260
4030,-245
4031,-197
4032,-778
4033,-1517
4034,-1811
4035,-2196
4036,-2156
4037,-2225
4038,-2592
4039,-2155
4040,-1795
4041,-1650
4042,-1008
4043,759
4044,1490
4045,1098
4046,1673
4047,1360
4048,681
4049,310
4050,355
4051,-319
4052,-542
4053,-771
4054,-1376
4055,-1251
4056,-653
4057,-888
4058,-523
4059,117
4060,316
4061,1312
4062,2166
4063,1664
4064,2494
4065,-2620
4066,-4134
4067,2757
4068,2449
4069,-1010
4070,-115
4071,-29
4072,-422
4073,-823
4074,-180
4075,-898
4076,-1286
4077,-869
4078,-623
4079,-243
4080,490
4081,1833
4082,2333
4083,2700
4084,2156
4085,1532
4086,373
4087,-351
4088,-639
4089,-837
4090,-1196
4091,-1182
4092,-1524
4093,-1806
4094,-1295
4095,-589
4096,165
4097,399
4098,702
4099,1302
4100,3114
4101,2138
4102,2271
4103,2461
4104,633
4105,312
4106,-90
4107,-580
4108,-471
4109,-363
4110,-594
4111,-931
4112,-1084
4113,-1377
4114,-793
4115,-25
4116,241
4117,4
4118,2135
4119,1567
4120,2664
4121,1797
4122,978
4123,789
4124,-241
4125,-630
4126,-938
4127,-832
4128,-736
4129,-1217
4130,-1052
4131,-1012
4132,-956
4133,-648
4134,-59
4135,182
4136,270
4137,1222
4138,2991
4139,2098
4140,1635
4141,1812
4142,-1319
4143,-5801
4144,-512
4145,7432
4146,-616
4147,-2558
4148,-1004
4149,-628
4150,-980
4151,-615
4152,-51
4153,276
4154,283
4155,1002
4156,1891
4157,1772
4158,1989
4159,1317
4160,441
4161,-58
4162,-102
4163,-891
4164,-1524
4165,-1389
4166,-2111
4167,-2947
4168,-2853
4169,-3101
4170,-2808
4171,-1352
4172,-843
4173,122
4174,2149
4175,3905
4176,2855
4177,3139
4178,3410
4179,892
4180,56
4181,-155
4182,-684
4183,-848
4184,-557
4185,-1045
4186,-1272
4187,-1014
4188,-1038
4189,-574
4190,-57
4191,-293
4192,722
4193,2965
4194,2554
4195,3659
4196,2906
4197,1699
4198,795
4199,481
4200,1
4201,-549
4202,-1048
4203,-662
4204,-1030
4205,-1504
4206,-1446
4207,-1397
4208,-1848
4209,-637
4210,-458
4211,918
4212,833
4213,986
4214,896
4215,833
4216,689
4217,420
4218,525
4219,134
4220,714
4221,199
4222,-338
4223,-559
4224,-773
4225,-986
4226,-1001
4227,-999
4228,-9
4229,149
4230,1181
4231,-318
4232,-5934
4233,512
4234,10024
4235,7432
4236,-1046
4237,-742
4238,-610
4239,-241
4240,-598
4241,-355
4242,-748
4243,-959
4244,-988
4245,-1299
4246,-540
4247,-89
4248,-30
4249,1285
4250,2811
4251,2687
4252,2503
4253,2250
4254,623
4255,-164
4256,-631
4257,-871
4258,-1172
4259,-1602
4260,-1992
4261,-1491
4262,-1282
4263,-889
4264,-153
4265,786
4266,1494
4267,1528
4268,2308
4269,4038
4270,3708
4271,2833
4272,1872
4273,928
4274,645
4275,62
4276,-423
4277,-563
4278,-317
4279,-630
4280,-1437
4281,-1231
4282,-1065
4283,-1061
4284,-820
4285,-884
4286,601
4287,2635
4288,1824
4289,2080
4290,2150
4291,1367
4292,426
4293,-137
4294,-285
4295,-239
4296,-248
4297,-244
4298,-468
4299,-537
4300,-550
4301,-423
4302,331
4303,-73
4304,313
4305,1573
4306,1249
4307,1334
4308,1669
4309,893
4310,100
4311,33
4312,-5590
4313,-4933
4314,3896
4315,8158
4316,-1609
4317,-1362
4318,-877
4319,-483
4320,-127
4321,625
4322,1283
4323,1054
4324,877
4325,499
4326,306
4327,519
4328,973
4329,987
4330,161
4331,-47
4332,-249
4333,-688
4334,-760
4335,-579
4336,-833
4337,-1271
4338,-942
4339,-861
4340,-997
4341,-133
4342,529
4343,939
4344,1331
4345,1166
4346,841
4347,505
4348,18
4349,-315
4350,-399
4351,-495
4352,-556
4353,-727
4354,-579
4355,-897
4356,-894
4357,-370
4358,-713
4359,930
4360,2759
4361,2466
4362,2148
4363,2762
4364,1841
4365,508
4366,-296
4367,-216
4368,-649
4369,-612
4370,-529
4371,-537
4372,-942
4373,-964
4374,-555
4375,-473
4376,-377
4377,-515
4378,-153
4379,1999
4380,1583
4381,1425
4382,1666
4383,1538
4384,889
4385,43
4386,73
4387,576
4388,-502
4389,-623
4390,-295
4391,-822
4392,-1138
4393,-503
4394,-1220
4395,-2948
4396,-6868
4397,2529
4398,12731
4399,3706
4400,555
4401,686
4402,492
4403,511
4404,45
4405,-29
4406,-547
4407,-695
4408,-1231
4409,-1026
4410,-1368
4411,-753
4412,-509
4413,-626
4414,-705
4415,44
4416,1450
4417,1112
4418,1178
4419,88
4420,-67
4421,-435
4422,-577
4423,-657
4424,-893
4425,-1133
4426,-1003
4427,-502
4428,-523
4429,-389
4430,-286
4431,-113
4432,-28
4433,631
4434,3122
4435,1758
4436,1212
4437,1268
4438,427
4439,-124
4440,43
4441,-533
4442,-878
4443,-27
4444,-636
4445,-1134
4446,-1275
4447,-1120
4448,-920
4449,-514
4450,300
4451,531
4452,1121
4453,2198
4454,1960
4455,2197
4456,2486
4457,555
4458,402
4459,-337
4460,-1043
4461,-729
4462,-2710
4463,-8590
4464,-3521
4465,6685
4466,9501
4467,-1470
4468,-1243
4469,-777
4470,-795
4471,-165
4472,1215
4473,1716
4474,1110
4475,918
4476,994
4477,602
4478,-41
4479,1
4480,-622
4481,-794
4482,-1028
4483,-1606
4484,-1876
4485,-2265
4486,-2641
4487,-2148
4488,-2041
4489,-1033
4490,-965
4491,263
4492,673
4493,1238
4494,1714
4495,1380
4496,911
4497,531
4498,23
4499,-676
4500,-783
4501,-306
4502,-720
4503,-879
4504,-1222
4505,-766
4506,-374
4507,-631
4508,276
4509,1614
4510,2064
4511,2126
4512,1627
4513,763
4514,314
4515,-74
4516,-494
4517,-961
4518,-1099
4519,-1004
4520,-1025
4521,-1038
4522,-1147
4523,-820
4524,-458
4525,-291
4526,-46
4527,1030
4528,782
4529,663
4530,2078
4531,-3033
4532,-3824
4533,2863
4534,7249
4535,-2097
4536,-1727
4537,-993
4538,-769
4539,-557
4540,-544
4541,-739
4542,-1282
4543,-1138
4544,-870
4545,-77
4546,1035
4547,2145
4548,1841
4549,1895
4550,847
4551,187
4552,-387
4553,-519
4554,-613
4555,-949
4556,-1793
4557,-2165
4558,-2337
4559,-2128
4560,-1916
4561,-1350
4562,-470
4563,71
4564,521
4565,2904
4566,2071
4567,1372
4568,1441
4569,429
4570,-167
4571,-394
4572,-686
4573,-799
4574,-865
4575,-1306
4576,-1037
4577,-844
4578,-906
4579,-883
4580,-449
4581,-278
4582,395
4583,1627
4584,1723
4585,1169
4586,1612
4587,1237
4588,237
4589,-165
4590,-526
4591,-725
4592,-730
4593,-1145
4594,-1751
4595,-1315
4596,-1061
4597,-605
4598,-502
4599,27
4600,4
4601,1030
4602,1526
4603,1992
4604,1478
4605,-361
4606,1107
4607,-4494
4608,-7290
4609,838
4610,7579
4611,-1078
4612,-2135
4613,-1443
4614,-572
4615,-681
4616,-589
4617,-467
4618,-361
4619,163
4620,1094
4621,2171
4622,1504
4623,1772
4624,1441
4625,966
4626,-72
4627,-464
4628,-784
4629,-1043
4630,-2193
4631,-2284
4632,-1981
4633,-2690
4634,-3319
4635,-1826
4636,-1378
4637,-1062
4638,424
4639,1612
4640,2790
4641,3197
4642,3461
4643,2286
4644,1263
4645,599
4646,35
4647,-475
4648,-782
4649,-1116
4650,-1221
4651,-779
4652,-938
4653,-898
4654,-501
4655,-372
4656,102
4657,1351
4658,1745
4659,1934
4660,3392
4661,1845
4662,909
4663,192
4664,334
4665,-352
4666,-459
4667,-568
4668,-618
4669,-659
4670,-1000
4671,-1018
4672,-863
4673,-567
4674,-184
4675,187
4676,1208
4677,1820
4678,1147
4679,1563
4680,871
4681,889
4682,228
4683,-362
4684,-438
4685,-640
4686,-765
4687,-654
4688,-1211
4689,-1091
4690,-606
4691,-68
4692,-122
4693,623
4694,-1576
4695,-4893
4696,1994
4697,12596
4698,4810
4699,-1259
4700,-338
4701,-911
4702,-527
4703,-864
4704,-626
4705,-1172
4706,-1329
4707,-1392
4708,-1435
4709,-697
4710,-147
4711,269
4712,1165
4713,1410
4714,1276
4715,1630
4716,685
4717,-174
4718,-468
4719,-1101
4720,-1918
4721,-1625
4722,-1810
4723,-1868
4724,-1777
4725,-1554
4726,-647
4727,169
4728,574
4729,722
4730,1351
4731,2331
4732,2398
4733,2691
4734,2209
4735,1208
4736,262
4737,-301
4738,-738
4739,-502
4740,-789
4741,-954
4742,-1174
4743,-997
4744,-1176
4745,-663
4746,-291
4747,-299
4748,190
4749,1500
4750,1023
4751,1022
4752,1299
4753,1112
4754,142
4755,-439
4756,-472
4757,-605
4758,-1637
4759,-1551
4760,-1409
4761,-915
4762,-1034
4763,-1087
4764,-818
4765,-166
4766,-190
4767,367
4768,1100
4769,1109
4770,1159
4771,677
4772,-45
4773,312
4774,435
4775,-458
4776,-1144
4777,-1854
4778,-6725
4779,-6596
4780,657
4781,4515
4782,-2429
4783,-2797
4784,-166
4785,282
4786,1388
4787,1900
4788,1533
4789,634
4790,157
4791,205
4792,190
4793,-284
4794,-816
4795,-1245
4796,-1214
4797,-1363
4798,-1574
4799,-1773
4800,-1452
4801,-1354
4802,-585
4803,-479
4804,40
4805,842
4806,842
4807,127
4808,-130
4809,154
4810,323
4811,258
4812,59
4813,-670
4814,-551
4815,-1174
4816,-1379
4817,-992
4818,-786
4819,-1125
4820,-893
4821,-140
4822,1174
4823,1513
4824,1729
4825,685
4826,683
4827,79
4828,-284
4829,-105
4830,-594
4831,-324
4832,-568
4833,-1666
4834,-1719
4835,-4511
4836,-7786
4837,1035
4838,7093
4839,1626
4840,-398
4841,235
4842,405
4843,592
4844,623
4845,327
4846,-209
4847,-238
4848,-844
4849,-592
4850,-808
4851,-1012
4852,-1206
4853,-1289
4854,-1380
4855,-1260
4856,-968
4857,-930
4858,-341
4859,924
4860,383
4861,2
4862,-25
4863,-583
4864,-967
4865,-481
4866,-49
4867,-546
4868,-560
4869,-167
4870,-329
4871,-1203
4872,-1366
4873,-1170
4874,-908
4875,-646
4876,-1095
4877,245
4878,1432
4879,1576
4880,1831
4881,1837
4882,609
4883,-375
4884,99
4885,-248
4886,-490
4887,-853
4888,-859
4889,-745
4890,-709
4891,-1045
4892,-942
4893,-137
4894,-248
4895,216
4896,1055
4897,1112
4898,1550
4899,1156
4900,704
4901,342
4902,-538
4903,-890
4904,-1344
4905,-4369
4906,-8399
4907,254
4908,11374
4909,2367
4910,-843
4911,-721
4912,-384
4913,129
4914,548
4915,1028
4916,710
4917,531
4918,494
4919,-237
4920,-454
4921,-1304
4922,-245
4923,-1029
4924,-1481
4925,-1746
4926,-1698
4927,-2540
4928,-2138
4929,-1810
4930,-1878
4931,-1284
4932,-67
4933,765
4934,446
4935,559
4936,359
4937,1122
4938,-29
4939,-199
4940,-190
4941,-519
4942,-848
4943,-159
4944,-404
4945,-482
4946,-452
4947,-325
4948,-184
4949,1124
4950,2335
4951,1462
4952,1235
4953,1250
4954,295
4955,-15
4956,-3254
4957,-8428
4958,-1223
4959,8514
4960,3771
4961,-983
4962,-279
4963,-909
4964,-539
4965,-794
4966,-310
4967,11
4968,757
4969,1477
4970,1438
4971,1487
4972,1578
4973,1038
4974,443
4975,-43
4976,-788
4977,-877
4978,-1346
4979,-1845
4980,-1988
4981,-2120
4982,-2792
4983,-2087
4984,-1985
4985,-1501
4986,132
4987,1787
4988,2464
4989,1720
4990,1863
4991,1694
4992,757
4993,-148
4994,-133
4995,-289
4996,-213
4997,-631
4998,-624
4999,-489
5000,1526
5001,-608
5002,-2059
5003,-1845
5004,-2046
5005,-1397
5006,-269
5007,355
5008,1216
5009,1100
5010,631
5011,778
5012,392
5013,-559
5014,-859
5015,-862
5016,-857
5017,-889
5018,-290
5019,-411
5020,328
5021,635
5022,1362
5023,1757
5024,1493
5025,820
5026,354
5027,-215
5028,-738
5029,-1075
5030,-1392
5031,-1490
5032,-1281
5033,-1011
5034,-245
5035,-195
5036,1467
5037,4349
5038,10279
5039,3556
5040,-2696
5041,-1469
5042,-288
5043,-30
5044,-314
5045,-295
5046,-646
5047,-989
5048,-796
5049,-587
5050,-512
5051,-34
5052,788
5053,708
5054,1214
5055,169
5056,-323
5057,-789
5058,-996
5059,-1357
5060,-1440
5061,-1347
5062,-773
5063,-107
5064,250
5065,423
5066,1193
5067,1625
5068,1914
5069,1814
5070,1732
5071,956
5072,570
5073,-946
5074,-948
5075,-1188
5076,-1179
5077,-1206
5078,-742
5079,123
5080,607
5081,434
5082,426
5083,588
5084,742
5085,805
5086,315
5087,-109
5088,-186
5089,-1075
5090,-1331
5091,-1169
5092,-582
5093,596
5094,1241
5095,938
5096,1523
5097,6332
5098,8072
5099,709
5100,-3162
5101,-1010
5102,-578
5103,-671
5104,-715
5105,-724
5106,-677
5107,-239
5108,875
5109,1601
5110,1014
5111,202
5112,-549
5113,-512
5114,-542
5115,-466
5116,-746
5117,-1049
5118,-1150
5119,-1058
5120,-1319
5121,-439
5122,285
5123,1026
5124,1122
5125,822
5126,-277
5127,-528
5128,-779
5129,-805
5130,-393
5131,449
5132,214
5133,365
5134,591
5135,780
5136,1261
5137,1358
5138,1439
5139,473
5140,17
5141,-585
5142,-1298
5143,-854
5144,-1187
5145,-893
5146,-481
5147,-101
5148,296
5149,861
5150,1408
5151,2650
5152,1663
5153,1196
5154,-130
5155,-576
5156,-845
5157,-1442
5158,-1085
5159,-1621
5160,324
5161,1800
5162,8475
5163,2699
5164,-2254
5165,-52
5166,-87
5167,329
5168,316
5169,-122
5170,-1243
5171,-1301
5172,-2146
5173,-1664
5174,-1656
5175,-891
5176,-1013
5177,-762
5178,-607
5179,-218
5180,967
5181,1306
5182,224
5183,-275
5184,-699
5185,-1051
5186,-2327
5187,-1665
5188,-2475
5189,-2261
5190,-1842
5191,-1538
5192,-831
5193,36
5194,825
5195,963
5196,1120
5197,736
5198,692
5199,2120
5200,6831
5201,5655
5202,-934
5203,-3651
5204,-1748
5205,-1569
5206,-1257
5207,-756
5208,-39
5209,601
5210,948
5211,1528
5212,1370
5213,566
5214,-753
5215,-1493
5216,-1842
5217,-1842
5218,-2415
5219,-2335
5220,-2508
5221,-2237
5222,-2074
5223,-771
5224,1270
5225,1816
5226,2108
5227,2067
5228,635
5229,340
5230,-463
5231,-1231
5232,-1164
5233,-1846
5234,-2137
5235,-1808
5236,-1429
5237,-773
5238,255
5239,838
5240,1526
5241,932
5242,440
5243,-228
5244,-682
5245,-1344
5246,-1338
5247,-1410
5248,-1887
5249,-2233
5250,-2314
5251,-2113
5252,-2072
5253,-1071
5254,-376
5255,994
5256,295
5257,171
5258,-1068
5259,-639
5260,-88
5261,4377
5262,5643
5263,-329
5264,-3919
5265,-1426
5266,-1002
5267,-462
5268,-511
5269,-98
5270,320
5271,51
5272,-538
5273,-437
5274,-628
5275,-1107
5276,-1302
5277,-1486
5278,-1405
5279,-1536
5280,-1355
5281,-923
5282,-424
5283,-277
5284,195
5285,249
5286,-222
5287,-334
5288,-879
5289,-988
5290,-832
5291,-944
5292,-1160
5293,-806
5294,-501
5295,-309
5296,-357
5297,151
5298,291
5299,917
5300,-50
5301,-157
5302,237
5303,5613
5304,6263
5305,-1131
5306,-3249
5307,-544
5308,-565
5309,-655
5310,-716
5311,-936
5312,-1244
5313,-965
5314,-1098
5315,469
5316,652
5317,356
5318,79
5319,-389
5320,-508
5321,-771
5322,-1117
5323,-1919
5324,-2133
5325,-2582
5326,-2263
5327,-1434
5328,-208
5329,751
5330,784
5331,304
5332,761
5333,-17
5334,-97
5335,-75
5336,-136
5337,-286
5338,-66
5339,-483
5340,-411
5341,65
5342,728
5343,1178
5344,1134
5345,967
5346,1500
5347,2060
5348,789
5349,-585
5350,-854
5351,-911
5352,-1058
5353,-636
5354,-399
5355,362
5356,1141
5357,1034
5358,1371
5359,1444
5360,2057
5361,2427
5362,2334
5363,1304
5364,1132
5365,-1174
5366,-1333
5367,-1523
5368,-16
5369,-142
5370,-404
5371,314
5372,3303
5373,8358
5374,7180
5375,1833
5376,-191
5377,-343
5378,-493
5379,-1251
5380,-1522
5381,-1633
5382,-921
5383,-465
5384,-373
5385,-314
5386,584
5387,930
5388,1891
5389,1531
5390,1953
5391,1283
5392,528
5393,-473
5394,-1142
5395,-1458
5396,-2047
5397,-1710
5398,-233
5399,-315
5400,529
5401,547
5402,1065
5403,1397
5404,1381
5405,794
5406,729
5407,831
5408,733
5409,-293
5410,-897
5411,-1242
5412,-680
5413,6
5414,2
5415,289
5416,708
5417,722
5418,1013
5419,793
5420,1276
5421,660
5422,1788
5423,1466
5424,310
5425,-381
5426,-1093
5427,-910
5428,-924
5429,-830
5430,-800
5431,145
5432,289
5433,604
5434,857
5435,959
5436,1681
5437,744
5438,411
5439,-579
5440,-1013
5441,-986
5442,-428
5443,-1110
5444,-1172
5445,-1201
5446,-811
5447,44
5448,491
5449,867
5450,918
5451,1071
5452,1425
5453,514
5454,-847
5455,-897
5456,-826
5457,-485
5458,-1122
5459,-945
5460,-790
5461,-540
5462,232
5463,3336
5464,8092
5465,5634
5466,-183
5467,-647
5468,-508
5469,-559
5470,-807
5471,-760
5472,-1064
5473,-1340
5474,-1146
5475,-1046
5476,-655
5477,-356
5478,-346
5479,-30
5480,-10
5481,256
5482,541
5483,413
5484,-298
5485,-927
5486,-1368
5487,-1539
5488,-1353
5489,-540
5490,-386
5491,-191
5492,-182
5493,-58
5494,448
5495,135
5496,103
5497,723
5498,106
5499,-635
5500,-853
5501,-686
5502,-1018
5503,-877
5504,-1488
5505,-948
5506,-660
5507,-270
5508,-626
5509,-307
5510,-102
5511,-361
5512,-277
5513,2058
5514,6763
5515,8045
5516,435
5517,-2741
5518,-1017
5519,-1024
5520,-667
5521,-419
5522,-393
5523,-344
5524,562
5525,2039
5526,1462
5527,627
5528,-193
5529,-536
5530,-793
5531,-1110
5532,-1834
5533,-2551
5534,-2674
5535,-3022
5536,-3020
5537,-1392
5538,-751
5539,351
5540,1733
5541,1899
5542,1394
5543,768
5544,623
5545,-165
5546,-861
5547,-1012
5548,-970
5549,-1507
5550,-1582
5551,-822
5552,-456
5553,56
5554,268
5555,352
5556,1044
5557,2381
5558,1728
5559,1547
5560,302
5561,-384
5562,-945
5563,-1326
5564,-1944
5565,-1624
5566,-1181
5567,-1134
5568,-859
5569,-672
5570,295
5571,590
5572,-171
5573,886
5574,1339
5575,6693
5576,7877
5577,2061
5578,-3339
5579,-1135
5580,-1158
5581,-999
5582,-1104
5583,-318
5584,-272
5585,-137
5586,658
5587,172
5588,-63
5589,70
5590,520
5591,-483
5592,-720
5593,-1589
5594,-2562
5595,-1688
5596,-1860
5597,-1498
5598,-1492
5599,-1094
5600,-712
5601,76
5602,1179
5603,1532
5604,851
5605,905
5606,514
5607,-424
5608,-572
5609,-147
5610,-176
5611,-135
5612,-159
5613,-653
5614,-389
5615,-347
5616,733
5617,1085
5618,616
5619,-448
5620,-511
5621,-730
5622,-649
5623,-872
5624,-259
5625,-427
5626,-427
5627,-693
5628,113
5629,389
5630,952
5631,2387
5632,6777
5633,8709
5634,2743
5635,-2078
5636,-1057
5637,-1040
5638,-785
5639,-1074
5640,-905
5641,-831
5642,-449
5643,-150
5644,635
5645,506
5646,967
5647,1061
5648,693
5649,2
5650,-639
5651,-1474
5652,-1872
5653,-2598
5654,-2464
5655,-2476
5656,-1694
5657,-759
5658,145
5659,531
5660,887
5661,916
5662,1051
5663,762
5664,-193
5665,-701
5666,-620
5667,-332
5668,-1120
5669,-250
5670,1517
5671,7516
5672,6897
5673,2462
5674,-200
5675,-141
5676,-739
5677,-530
5678,-998
5679,-1176
5680,-1469
5681,-1483
5682,-1491
5683,-1073
5684,-871
5685,-766
5686,-607
5687,-685
5688,-506
5689,-295
5690,-205
5691,-1131
5692,-1300
5693,-1397
5694,-1214
5695,-956
5696,-388
5697,23
5698,115
5699,-34
5700,129
5701,441
5702,-121
5703,-714
5704,-731
5705,-505
5706,-1319
5707,581
5708,2338
5709,7304
5710,4567
5711,-1203
5712,-610
5713,-332
5714,-139
5715,-172
5716,-292
5717,-1311
5718,-1659
5719,-1397
5720,-1551
5721,-1327
5722,-1277
5723,-1122
5724,-891
5725,-614
5726,-392
5727,-624
5728,-907
5729,-937
5730,-415
5731,-1084
5732,-1204
5733,-922
5734,-1061
5735,-1302
5736,-869
5737,-988
5738,-865
5739,-727
5740,52
5741,144
5742,147
5743,546
5744,855
5745,655
5746,1418
5747,3183
5748,6819
5749,3736
5750,-700
5751,-2265
5752,-1193
5753,-653
5754,-692
5755,-573
5756,-379
5757,51
5758,1067
5759,299
5760,43
5761,-330
5762,-891
5763,-977
5764,-1388
5765,-2204
5766,-2063
5767,-2114
5768,-2043
5769,-1656
5770,-1057
5771,-266
5772,862
5773,1396
5774,1276
5775,233
5776,46
5777,281
5778,-150
5779,-325
5780,-705
5781,-833
5782,-498
5783,-306
5784,-274
5785,-901
5786,987
5787,1543
5788,7743
5789,6266
5790,2252
5791,-1365
5792,-673
5793,-821
5794,-783
5795,-982
5796,-962
5797,-1196
5798,-909
5799,-543
5800,-101
5801,435
5802,595
5803,664
5804,-461
5805,-830
5806,-1037
5807,-1610
5808,-2332
5809,-1845
5810,-1767
5811,-1047
5812,-844
5813,-54
5814,331
5815,787
5816,953
5817,825
5818,369
5819,338
5820,-193
5821,-375
5822,-466
5823,-576
5824,-646
5825,-357
5826,-504
5827,-300
5828,46
5829,358
5830,356
5831,262
5832,28
5833,319
5834,94
5835,11
5836,-379
5837,-581
5838,-837
5839,-202
5840,-333
5841,-432
5842,-466
5843,-245
5844,-794
5845,-837
5846,-766
5847,-414
5848,-342
5849,-502
5850,-268
5851,214
5852,-10
5853,153
5854,-634
5855,-279
5856,-695
5857,-516
5858,-509
5859,-372
5860,-428
5861,-103
5862,736
5863,4969
5864,8228
5865,779
5866,-2914
5867,-1135
5868,-439
5869,-410
5870,-519
5871,-830
5872,-1225
5873,-1017
5874,-484
5875,-231
5876,-120
5877,4
5878,-110
5879,-389
5880,-741
5881,-938
5882,-1363
5883,-1340
5884,-1776
5885,-1549
5886,-1599
5887,-1118
5888,-623
5889,313
5890,578
5891,558
5892,289
5893,497
5894,-47
5895,-516
5896,-328
5897,-782
5898,-1105
5899,-1063
5900,-800
5901,-714
5902,2270
5903,5841
5904,7428
5905,235
5906,-895
5907,-298
5908,-155
5909,-272
5910,-210
5911,-346
5912,-818
5913,-1110
5914,-1414
5915,-1369
5916,-1103
5917,-1260
5918,-1501
5919,-1034
5920,-751
5921,-698
5922,-681
5923,-1083
5924,-891
5925,-659
5926,-610
5927,-687
5928,-746
5929,-465
5930,-288
5931,-918
5932,-814
5933,-612
5934,-329
5935,379
5936,692
5937,957
5938,419
5939,1224
5940,4169
5941,8331
5942,3903
5943,-1576
5944,-2012
5945,-1778
5946,-928
5947,-838
5948,-319
5949,55
5950,600
5951,869
5952,848
5953,100
5954,-42
5955,-37
5956,-295
5957,-1465
5958,-2481
5959,-2704
5960,-2852
5961,-3120
5962,-2762
5963,-2101
5964,-133
5965,800
5966,1103
5967,1294
5968,2047
5969,1814
5970,1727
5971,817
5972,689
5973,-578
5974,-1158
5975,-651
5976,-916
5977,-860
5978,-375
5979,-380
5980,210
5981,900
5982,1920
5983,1204
5984,1092
5985,841
5986,73
5987,-825
5988,-881
5989,-1246
5990,-911
5991,-528
5992,-892
5993,394
5994,2242
5995,8415
5996,6034
5997,88
5998,-1677
5999,-315
6000,309
6001,195
6002,412
6003,461
6004,190
6005,255
6006,14
6007,-14
6008,-34
6009,-229
6010,-345
6011,-371
6012,-454
6013,-600
6014,-593
6015,-647
6016,-1073
6017,-1285
6018,-1368
6019,-1789
6020,-2255
6021,-2369
6022,-2525
6023,-2750
6024,-2725
6025,-2457
6026,-2121
6027,-1403
6028,-535
6029,275
6030,796
6031,1081
6032,1065
6033,1181
6034,1022
6035,951
6036,795
6037,739
6038,686
6039,555
6040,494
6041,409
6042,279
6043,248
6044,178
6045,156
6046,109
6047,177
6048,86
6049,148
6050,143
6051,167
6052,264
6053,191
6054,348
6055,194
6056,290
6057,342
6058,348
6059,599
6060,667
6061,758
6062,710
6063,716
6064,578
6065,556
6066,451
6067,245
6068,176
6069,17
6070,-74
6071,-58
6072,-103
6073,-57
6074,-46
6075,-32
6076,4
6077,-66
6078,-22
6079,11
6080,-42
6081,-2
6082,-42
6083,-47
6084,-103
6085,-93
6086,-85
6087,-64
6088,-47
6089,53
6090,28
6091,129
6092,314
6093,629
6094,1300
6095,1554
6096,746
6097,-260
6098,-245
6099,213
6100,434
6101,481
6102,612
6103,413
6104,137
6105,650
6106,2404
6107,3504
6108,-1214
6109,-3456
6110,-5573
6111,-12423
6112,-10063
6113,-3640
6114,-585
6115,-31
6116,236
6117,444
6118,1019
6119,1221
6120,1122
6121,1181
6122,1103
6123,1074
6124,929
6125,765
6126,622
6127,477
6128,257
6129,181
6130,40
6131,-48
6132,-359
6133,-759
6134,-1130
6135,-1334
6136,-1519
6137,-1722
6138,-1815
6139,-1759
6140,-1486
6141,-729
6142,57
6143,583
6144,892
6145,1426
6146,1705
6147,1666
6148,1721
6149,1469
6150,1398
6151,1356
6152,1217
6153,956
6154,849
6155,902
6156,686
6157,589
6158,601
6159,569
6160,642
6161,560
6162,582
6163,790
6164,798
6165,770
6166,690
6167,578
6168,630
6169,728
6170,800
6171,540
6172,610
6173,1177
6174,1364
6175,1320
6176,1249
6177,1136
6178,946
6179,911
6180,713
6181,764
6182,688
6183,677
6184,559
6185,500
6186,391
6187,362
6188,277
6189,301
6190,234
6191,198
6192,155
6193,164
6194,145
6195,151
6196,424
6197,376
6198,410
6199,583
6200,577
6201,583
6202,495
6203,464
6204,425
6205,500
6206,523
6207,1159
6208,1632
6209,1679
6210,1012
6211,283
6212,494
6213,763
6214,733
6215,1020
6216,1262
6217,1279
6218,821
6219,1457
6220,3413
6221,3913
6222,-1272
6223,-1887
6224,-1777
6225,-10206
6226,-10120
6227,-4397
6228,-1025
6229,182
6230,470
6231,585
6232,973
6233,1138
6234,1117
6235,1147
6236,1002
6237,854
6238,782
6239,594
6240,364
6241,290
6242,136
6243,-62
6244,-227
6245,-321
6246,-452
6247,-1004
6248,-1479
6249,-1745
6250,-2021
6251,-2057
6252,-1991
6253,-2206
6254,-1906
6255,-1421
6256,-750
6257,-234
6258,615
6259,994
6260,1164
6261,1204
6262,1300
6263,1160
6264,1055
6265,854
6266,765
6267,605
6268,475
6269,217
6270,196
6271,89
6272,132
6273,62
6274,102
6275,106
6276,177
6277,128
6278,178
6279,144
6280,139
6281,168
6282,110
6283,141
6284,227
6285,130
6286,199
6287,198
6288,182
6289,271
6290,449
6291,299
6292,304
6293,221
6294,201
6295,275
6296,185
6297,197
6298,99
6299,160
6300,242
6301,179
6302,244
6303,163
6304,222
6305,189
6306,271
6307,212
6308,168
6309,302
6310,180
6311,294
6312,232
6313,281
6314,221
6315,294
6316,222
6317,233
6318,205
6319,433
6320,801
6321,1433
6322,1877
6323,1681
6324,514
6325,117
6326,90
6327,403
6328,385
6329,401
6330,269
6331,82
6332,-84
6333,996
6334,3169
6335,1409
6336,-1673
6337,-3403
6338,-7528
6339,-12766
6340,-8900
6341,-2698
6342,-509
6343,78
6344,299
6345,609
6346,1137
6347,1245
6348,1281
6349,1193
6350,990
6351,840
6352,420
6353,4
6354,-281
6355,-488
6356,-558
6357,-584
6358,-885
6359,-1061
6360,-1186
6361,-1610
6362,-1863
6363,-2093
6364,-2226
6365,-2386
6366,-2527
6367,-2395
6368,-2020
6369,-1293
6370,-793
6371,130
6372,652
6373,1037
6374,1258
6375,1218
6376,1239
6377,1034
6378,898
6379,721
6380,574
6381,515
6382,391
6383,319
6384,271
6385,263
6386,225
6387,195
6388,97
6389,159
6390,216
6391,262
6392,239
6393,247
6394,256
6395,260
6396,224
6397,195
6398,190
6399,209
6400,149
6401,243
6402,219
6403,359
6404,295
6405,388
6406,316
6407,531
6408,548
6409,559
6410,567
6411,522
6412,463
6413,379
6414,378
6415,332
6416,204
6417,290
6418,169
6419,252
6420,121
6421,279
6422,119
6423,287
6424,295
6425,439
6426,347
6427,373
6428,312
6429,404
6430,386
6431,411
6432,436
6433,304
6434,340
6435,280
6436,344
6437,288
6438,373
6439,682
6440,1136
6441,1464
6442,1588
6443,1086
6444,-32
6445,-146
6446,154
6447,392
6448,363
6449,237
6450,94
6451,-110
6452,36
6453,1426
6454,3159
6455,-470
6456,-2469
6457,-3285
6458,-11801
6459,-12127
6460,-6366
6461,-1380
6462,-300
6463,276
6464,301
6465,773
6466,1039
6467,1088
6468,1049
6469,875
6470,735
6471,610
6472,324
6473,55
6474,-64
6475,-265
6476,-347
6477,-284
6478,-561
6479,-927
6480,-1265
6481,-1589
6482,-1905
6483,-2112
6484,-2314
6485,-2435
6486,-2520
6487,-2376
6488,-2057
6489,-1423
6490,-735
6491,240
6492,615
6493,891
6494,919
6495,982
6496,865
6497,780
6498,562
6499,442
6500,334
6501,216
6502,194
6503,171
6504,163
6505,168
6506,150
6507,167
6508,151
6509,122
6510,158
6511,209
6512,111
6513,132
6514,183
6515,215
6516,186
6517,209
6518,20
6519,-185
6520,-95
6521,-78
6522,-138
6523,-154
6524,-122
6525,-104
6526,-123
6527,-49
6528,-40
6529,110
6530,80
6531,40
6532,77
6533,16
6534,93
6535,68
6536,41
6537,43
6538,9
6539,149
6540,159
6541,241
6542,156
6543,238
6544,190
6545,235
6546,349
6547,231
6548,369
6549,344
6550,551
6551,617
6552,520
6553,548
6554,724
6555,1251
6556,1915
6557,2054
6558,1471
6559,608
6560,535
6561,961
6562,922
6563,1121
6564,1388
6565,1469
6566,1083
6567,933
6568,2315
6569,4664
6570,-612
6571,-1530
6572,-1053
6573,-8601
6574,-11686
6575,-4959
6576,-1036
6577,-111
6578,486
6579,589
6580,920
6581,1068
6582,986
6583,939
6584,924
6585,805
6586,768
6587,549
6588,597
6589,341
6590,305
6591,164
6592,392
6593,300
6594,0
6595,-500
6596,-1032
6597,-1410
6598,-1534
6599,-1831
6600,-1921
6601,-2019
6602,-1922
6603,-1309
6604,-577
6605,0
6606,870
6607,1447
6608,1693
6609,1823
6610,1881
6611,1844
6612,1650
6613,1485
6614,1239
6615,1035
6616,777
6617,639
6618,502
6619,420
6620,364
6621,196
6622,142
6623,115
6624,193
6625,2
6626,88
6627,102
6628,21
6629,26
6630,-14
6631,53
6632,22
6633,19
6634,40
6635,34
6636,81
6637,-31
6638,44
6639,76
6640,51
6641,64
6642,58
6643,150
6644,164
6645,197
6646,164
6647,160
6648,194
6649,188
6650,123
6651,77
6652,-2
6653,-40
6654,-56
6655,-154
6656,58
6657,-51
6658,76
6659,16
6660,99
6661,222
6662,168
6663,203
6664,361
6665,238
6666,362
6667,344
6668,419
6669,392
6670,450
6671,486
6672,579
6673,851
6674,1160
6675,1713
6676,1840
6677,1256
6678,301
6679,-235
6680,161
6681,314
6682,380
6683,263
6684,269
6685,-90
6686,-145
6687,1190
6688,3109
6689,568
6690,-1893
6691,-2905
6692,-10096
6693,-12642
6694,-7351
6695,-1671
6696,-590
6697,109
6698,315
6699,832
6700,1185
6701,1362
6702,1437
6703,1559
6704,1362
6705,1307
6706,906
6707,745
6708,600
6709,470
6710,328
6711,268
6712,187
6713,36
6714,-342
6715,-723
6716,-1070
6717,-1321
6718,-1635
6719,-1715
6720,-1929
6721,-1769
6722,-1384
6723,-630
6724,-15
6725,711
6726,1259
6727,1618
6728,1777
6729,1710
6730,1761
6731,1589
6732,1437
6733,1279
6734,1187
6735,1115
6736,965
6737,930
6738,797
6739,840
6740,722
6741,706
6742,755
6743,691
6744,755
6745,595
6746,632
6747,520
6748,584
6749,531
6750,511
6751,496
6752,409
6753,408
6754,352
6755,439
6756,354
6757,409
6758,317
6759,365
6760,264
6761,275
6762,268
6763,246
6764,268
6765,247
6766,164
6767,177
6768,165
6769,285
6770,83
6771,206
6772,145
6773,216
6774,177
6775,295
6776,265
6777,200
6778,239
6779,136
6780,167
6781,172
6782,156
6783,183
6784,115
6785,252
6786,432
6787,646
6788,1384
6789,1634
6790,1332
6791,149
6792,-131
6793,-41
6794,54
6795,200
6796,40
6797,-141
6798,-329
6799,-521
6800,1136
6801,3576
6802,-1126
6803,-2051
6804,-1199
6805,-5670
6806,-11753
6807,-7300
6808,-2364
6809,-555
6810,4
6811,608
6812,1083
6813,1457
6814,955
6815,780
6816,391
6817,168
6818,-109
6819,-304
6820,-510
6821,-667
6822,-842
6823,-857
6824,-945
6825,-899
6826,-992
6827,-1204
6828,-1580
6829,-1806
6830,-2054
6831,-2200
6832,-2300
6833,-2305
6834,-2207
6835,-1993
6836,-1393
6837,-878
6838,225
6839,645
6840,1084
6841,1119
6842,1216
6843,1122
6844,1069
6845,890
6846,845
6847,757
6848,640
6849,561
6850,436
6851,297
6852,193
6853,189
6854,275
6855,136
6856,95
6857,150
6858,41
6859,74
6860,75
6861,102
6862,96
6863,59
6864,141
6865,139
6866,218
6867,234
6868,219
6869,182
6870,310
6871,271
6872,307
6873,204
6874,197
6875,211
6876,125
6877,102
6878,3
6879,50
6880,38
6881,277
6882,298
6883,309
6884,375
6885,350
6886,397
6887,319
6888,339
6889,261
6890,281
6891,256
6892,238
6893,247
6894,218
6895,90
6896,78
6897,96
6898,123
6899,208
6900,279
6901,210
6902,241
6903,358
6904,513
6905,948
6906,1292
6907,1755
6908,1682
6909,446
6910,-139
6911,40
6912,154
6913,302
6914,161
6915,40
6916,-47
6917,-263
6918,1110
6919,3470
6920,-110
6921,-1781
6922,-2578
6923,-10405
6924,-12430
6925,-7194
6926,-1671
6927,-721
6928,91
6929,115
6930,584
6931,785
6932,850
6933,772
6934,789
6935,675
6936,696
6937,493
6938,276
6939,78
6940,52
6941,39
6942,56
6943,-23
6944,-136
6945,-423
6946,-679
6947,-1029
6948,-1317
6949,-1627
6950,-1610
6951,-1762
6952,-1648
6953,-1262
6954,-783
6955,-158
6956,562
6957,1091
6958,1391
6959,1416
6960,1656
6961,1549
6962,1446
6963,1155
6964,1037
6965,868
6966,709
6967,712
6968,522
6969,517
6970,388
6971,482
6972,473
6973,453
6974,471
6975,413
6976,428
6977,344
6978,384
6979,371
6980,461
6981,571
6982,521
6983,554
6984,653
6985,723
6986,855
6987,916
6988,1001
6989,1016
6990,1170
6991,1189
6992,1253
6993,985
6994,949
6995,752
6996,935
6997,532
6998,608
6999,739
7000,-15
7001,2
7002,152
7003,157
7004,58
7005,-27
7006,-37
7007,-2
7008,29
7009,35
7010,10
7011,24
7012,-7
7013,27
7014,-48
7015,-32
7016,3
7017,34
7018,121
7019,78
7020,-12
7021,146
7022,307
7023,885
7024,885
7025,874
7026,169
7027,-123
7028,-64
7029,65
7030,52
7031,27
7032,-121
7033,-141
7034,61
7035,-117
7036,-223
7037,-277
7038,-376
7039,-240
7040,-4357
7041,-14866
7042,-6985
7043,-2469
7044,-1629
7045,-248
7046,918
7047,712
7048,1015
7049,1029
7050,1009
7051,1028
7052,1055
7053,836
7054,702
7055,446
7056,381
7057,428
7058,386
7059,349
7060,511
7061,584
7062,875
7063,1368
7064,1719
7065,2040
7066,2280
7067,2657
7068,2917
7069,2864
7070,2631
7071,1934
7072,1078
7073,264
7074,-324
7075,-551
7076,-819
7077,-768
7078,-620
7079,-257
7080,-130
7081,228
7082,289
7083,511
7084,455
7085,527
7086,428
7087,450
7088,373
7089,351
7090,274
7091,155
7092,146
7093,179
7094,111
7095,141
7096,210
7097,152
7098,192
7099,203
7100,193
7101,126
7102,186
7103,152
7104,177
7105,143
7106,126
7107,104
7108,229
7109,209
7110,232
7111,178
7112,283
7113,238
7114,295
7115,268
7116,291
7117,285
7118,311
7119,251
7120,250
7121,179
7122,263
7123,273
7124,231
7125,252
7126,277
7127,252
7128,348
7129,317
7130,504
7131,683
7132,927
7133,1157
7134,493
7135,84
7136,-65
7137,16
7138,111
7139,-89
7140,-90
7141,-273
7142,-235
7143,-268
7144,-570
7145,-397
7146,-1206
7147,-195
7148,-1991
7149,-13371
7150,-11305
7151,-4238
7152,-1596
7153,-826
7154,516
7155,380
7156,609
7157,1083
7158,857
7159,893
7160,786
7161,758
7162,603
7163,488
7164,288
7165,206
7166,70
7167,96
7168,47
7169,247
7170,327
7171,749
7172,1087
7173,1281
7174,1572
7175,1901
7176,2165
7177,2308
7178,2247
7179,1862
7180,1050
7181,385
7182,-281
7183,-609
7184,-962
7185,-999
7186,-899
7187,-610
7188,-341
7189,-163
7190,-20
7191,145
7192,169
7193,152
7194,201
7195,178
7196,179
7197,147
7198,181
7199,58
7200,39
7201,141
7202,52
7203,39
7204,45
7205,-15
7206,-66
7207,-71
7208,-57
7209,0
7210,-26
7211,-5
7212,-36
7213,-12
7214,7
7215,22
7216,79
7217,7
7218,49
7219,23
7220,19
7221,-30
7222,44
7223,-1
7224,33
7225,3
7226,-7
7227,25
7228,-2
7229,54
7230,45
7231,61
7232,20
7233,71
7234,122
7235,149
7236,167
7237,300
7238,692
7239,697
7240,930
7241,-5
7242,-260
7243,-95
7244,4
7245,-96
7246,-38
7247,-257
7248,-287
7249,-252
7250,-378
7251,-569
7252,-443
7253,-590
7254,-398
7255,-5771
7256,-14097
7257,-6608
7258,-2123
7259,-1519
7260,-66
7261,768
7262,731
7263,1137
7264,1001
7265,1086
7266,961
7267,976
7268,812
7269,756
7270,637
7271,550
7272,528
7273,489
7274,530
7275,611
7276,715
7277,1128
7278,1492
7279,1754
7280,2082
7281,2405
7282,2593
7283,2940
7284,2792
7285,2530
7286,1816
7287,954
7288,199
7289,-482
7290,-677
7291,-848
7292,-827
7293,-730
7294,-319
7295,-77
7296,162
7297,157
7298,291
7299,273
7300,356
7301,256
7302,301
7303,195
7304,203
7305,69
7306,91
7307,-15
7308,-9
7309,48
7310,-43
7311,-33
7312,2
7313,-16
7314,-7
7315,43
7316,8
7317,131
7318,50
7319,48
7320,47
7321,48
7322,40
7323,59
7324,75
7325,118
7326,117
7327,130
7328,120
7329,88
7330,100
7331,132
7332,186
7333,108
7334,68
7335,79
7336,-26
7337,-11
7338,-11
7339,37
7340,107
7341,116
7342,129
7343,116
7344,274
7345,350
7346,886
7347,1058
7348,1167
7349,310
7350,-114
7351,-5
7352,167
7353,89
7354,29
7355,30
7356,-54
7357,156
7358,167
7359,-113
7360,-327
7361,-410
7362,253
7363,-3329
7364,-15875
7365,-8420
7366,-2553
7367,-1849
7368,-317
7369,1134
7370,779
7371,1189
7372,1247
7373,1208
7374,1124
7375,1048
7376,988
7377,837
7378,701
7379,647
7380,635
7381,545
7382,613
7383,715
7384,774
7385,1010
7386,1430
7387,1616
7388,1844
7389,2246
7390,2631
7391,2784
7392,2763
7393,2586
7394,1961
7395,1195
7396,494
7397,-313
7398,-533
7399,-750
7400,-759
7401,-732
7402,-365
7403,-181
7404,64
7405,193
7406,378
7407,404
7408,428
7409,370
7410,483
7411,528
7412,545
7413,449
7414,375
7415,325
7416,302
7417,284
7418,281
7419,208
7420,167
7421,161
7422,152
7423,204
7424,125
7425,141
7426,78
7427,174
7428,236
7429,157
7430,270
7431,145
7432,167
7433,169
7434,177
7435,269
7436,438
7437,273
7438,279
7439,391
7440,282
7441,350
7442,386
7443,326
7444,296
7445,200
7446,162
7447,205
7448,178
7449,135
7450,106
7451,83
7452,80
7453,134
7454,102
7455,214
7456,342
7457,564
7458,878
7459,1014
7460,733
7461,-99
7462,-303
7463,-80
7464,61
7465,-138
7466,-128
7467,-213
7468,-206
7469,-170
7470,-453
7471,-327
7472,-809
7473,-156
7474,-1542
7475,-10918
7476,-12674
7477,-4375
7478,-2146
7479,-912
7480,358
7481,526
7482,838
7483,1200
7484,904
7485,971
7486,906
7487,840
7488,697
7489,623
7490,352
7491,372
7492,286
7493,325
7494,402
7495,490
7496,598
7497,965
7498,1259
7499,1549
7500,1811
7501,2090
7502,2412
7503,2626
7504,2576
7505,2272
7506,1445
7507,734
7508,-61
7509,-494
7510,-710
7511,-792
7512,-770
7513,-656
7514,-326
7515,-121
7516,111
7517,140
7518,211
7519,237
7520,289
7521,216
7522,227
7523,186
7524,220
7525,193
7526,120
7527,29
7528,74
7529,58
7530,-27
7531,19
7532,13
7533,-17
7534,-33
7535,-21
7536,-70
7537,-55
7538,-45
7539,-61
7540,11
7541,33
7542,8
7543,53
7544,4
7545,77
7546,82
7547,133
7548,65
7549,-17
7550,0
7551,1
7552,3
7553,29
7554,37
7555,83
7556,19
7557,19
7558,68
7559,53
7560,99
7561,81
7562,89
7563,133
7564,206
7565,382
7566,687
7567,941
7568,1116
7569,125
7570,-241
7571,-34
7572,45
7573,-25
7574,-48
7575,-140
7576,-136
7577,37
7578,-144
7579,-391
7580,-513
7581,-454
7582,-119
7583,-4749
7584,-14508
7585,-6692
7586,-1923
7587,-1285
7588,-176
7589,840
7590,843
7591,1181
7592,1109
7593,1135
7594,1018
7595,1097
7596,926
7597,761
7598,516
7599,462
7600,408
7601,391
7602,345
7603,527
7604,635
7605,795
7606,1302
7607,1526
7608,1835
7609,2186
7610,2499
7611,2744
7612,2793
7613,2565
7614,2072
7615,1105
7616,287
7617,-457
7618,-717
7619,-880
7620,-775
7621,-713
7622,-362
7623,-203
7624,48
7625,165
7626,271
7627,317
7628,264
7629,287
7630,251
7631,221
7632,160
7633,102
7634,58
7635,31
7636,35
7637,46
7638,-18
7639,2
7640,-3
7641,-3
7642,-8
7643,-63
7644,-28
7645,9
7646,63
7647,-10
7648,-1
7649,-10
7650,-64
7651,-30
7652,-37
7653,-13
7654,-31
7655,61
7656,-48
7657,-123
7658,-82
7659,-67
7660,3
7661,27
7662,-19
7663,-57
7664,-71
7665,-48
7666,-50
7667,14
7668,28
7669,51
7670,114
7671,105
7672,192
7673,300
7674,677
7675,821
7676,1225
7677,270
7678,-97
7679,25
7680,-29
7681,-52
7682,0
7683,-34
7684,-127
7685,-79
7686,109
7687,-350
7688,-60
7689,-764
7690,190
7691,-1828
7692,-15400
7693,-10221
7694,-3947
7695,-1933
7696,-628
7697,829
7698,615
7699,1000
7700,1258
7701,1061
7702,1029
7703,1092
7704,1156
7705,1048
7706,914
7707,817
7708,778
7709,636
7710,603
7711,752
7712,836
7713,1052
7714,1434
7715,1784
7716,1990
7717,2214
7718,2614
7719,2904
7720,3098
7721,2867
7722,2577
7723,1703
7724,839
7725,23
7726,-360
7727,-558
7728,-602
7729,-670
7730,-431
7731,-184
7732,-11
7733,93
7734,373
7735,458
7736,551
7737,476
7738,508
7739,428
7740,432
7741,435
7742,342
7743,369
7744,262
7745,319
7746,209
7747,153
7748,174
7749,138
7750,180
7751,145
7752,166
7753,125
7754,157
7755,90
7756,186
7757,188
7758,151
7759,166
7760,145
7761,117
7762,183
7763,161
7764,327
7765,194
7766,259
7767,208
7768,198
7769,157
7770,194
7771,254
7772,189
7773,201
7774,143
7775,213
7776,216
7777,304
7778,249
7779,332
7780,275
7781,355
7782,361
7783,706
7784,985
7785,1480
7786,449
7787,-197
7788,4
7789,130
7790,72
7791,-19
7792,-47
7793,-78
7794,-8
7795,18
7796,-388
7797,-233
7798,-345
7799,408
7800,-2875
7801,-16039
7802,-8275
7803,-2506
7804,-1609
7805,-353
7806,875
7807,593
7808,895
7809,918
7810,859
7811,971
7812,974
7813,848
7814,742
7815,513
7816,498
7817,430
7818,399
7819,358
7820,370
7821,466
7822,630
7823,1093
7824,1371
7825,1567
7826,1882
7827,2247
7828,2375
7829,2532
7830,2312
7831,1888
7832,899
7833,274
7834,-328
7835,-813
7836,-904
7837,-966
7838,-907
7839,-600
7840,-254
7841,-75
7842,109
7843,150
7844,242
7845,278
7846,337
7847,303
7848,371
7849,348
7850,315
7851,314
7852,61
7853,5
7854,-122
7855,-261
7856,-261
7857,-215
7858,-322
7859,-351
7860,-354
7861,-286
7862,-265
7863,-214
7864,-208
7865,-143
7866,-193
7867,-181
7868,-161
7869,-151
7870,-119
7871,-78
7872,-101
7873,-44
7874,14
7875,-148
7876,-172
7877,-82
7878,-124
7879,-169
7880,-242
7881,-291
7882,-314
7883,-339
7884,-311
7885,-216
7886,-163
7887,-22
7888,66
7889,370
7890,555
7891,924
7892,-92
7893,-592
7894,-370
7895,-269
7896,-120
7897,-84
7898,-103
7899,-154
7900,28
7901,-31
7902,-280
7903,-312
7904,-442
7905,573
7906,-2843
7907,-15579
7908,-8618
7909,-2234
7910,-1700
7911,-454
7912,974
7913,859
7914,1042
7915,1141
7916,1046
7917,1036
7918,971
7919,848
7920,639
7921,498
7922,362
7923,222
7924,166
7925,298
7926,412
7927,624
7928,861
7929,1153
7930,1455
7931,1892
7932,2095
7933,2338
7934,2604
7935,2730
7936,2583
7937,2223
7938,1135
7939,560
7940,-130
7941,-627
7942,-819
7943,-883
7944,-796
7945,-433
7946,-208
7947,-105
7948,42
7949,155
7950,210
7951,272
7952,307
7953,260
7954,284
7955,210
7956,122
7957,67
7958,49
7959,92
7960,25
7961,27
7962,8
7963,41
7964,31
7965,21
7966,46
7967,62
7968,48
7969,45
7970,17
7971,10
7972,60
7973,60
7974,78
7975,126
7976,95
7977,101
7978,107
7979,131
7980,173
7981,184
7982,99
7983,73
7984,112
7985,49
7986,2
7987,-21
7988,-17
7989,53
7990,63
7991,66
7992,83
7993,-13
7994,90
7995,123
7996,476
7997,610
7998,806
7999,382
8000,483
8001,1356
8002,1440
8003,1353
8004,1258
8005,1054
8006,802
8007,344
8008,-3
8009,-244
8010,-482
8011,-664
8012,-393
8013,-75
8014,331
8015,653
8016,844
8017,873
8018,870
8019,919
8020,807
8021,556
8022,501
8023,-95
8024,-3291
8025,-8190
8026,-7075
8027,-407
8028,1099
8029,1026
8030,988
8031,1157
8032,1266
8033,1357
8034,1461
8035,1465
8036,1372
8037,1069
8038,709
8039,214
8040,-128
8041,-342
8042,-567
8043,-466
8044,-242
8045,88
8046,504
8047,648
8048,886
8049,934
8050,949
8051,754
8052,704
8053,581
8054,442
8055,533
8056,-191
8057,-3659
8058,-8809
8059,-5001
8060,-142
8061,1196
8062,1013
8063,984
8064,1071
8065,1175
8066,1250
8067,1366
8068,1406
8069,1193
8070,929
8071,471
8072,15
8073,-143
8074,-241
8075,-481
8076,-321
8077,-69
8078,274
8079,557
8080,895
8081,902
8082,888
8083,864
8084,793
8085,621
8086,401
8087,129
8088,-1817
8089,-6798
8090,-8967
8091,-1983
8092,515
8093,1027
8094,973
8095,1118
8096,1265
8097,1312
8098,1416
8099,1491
8100,1476
8101,1230
8102,825
8103,332
8104,-19
8105,-259
8106,-481
8107,-460
8108,-229
8109,-17
8110,301
8111,474
8112,597
8113,681
8114,774
8115,853
8116,855
8117,746
8118,608
8119,556
8120,488
8121,399
8122,582
8123,636
8124,-2054
8125,-6961
8126,-6858
8127,-861
8128,1060
8129,1129
8130,867
8131,1019
8132,1089
8133,1217
8134,1280
8135,1355
8136,1278
8137,1120
8138,782
8139,289
8140,2
8141,-141
8142,-263
8143,-294
8144,-45
8145,178
8146,480
8147,675
8148,797
8149,800
8150,886
8151,722
8152,694
8153,453
8154,-284
8155,-3405
8156,-7948
8157,-7304
8158,-633
8159,983
8160,1053
8161,1032
8162,1229
8163,1360
8164,1467
8165,1525
8166,1538
8167,1403
8168,1161
8169,654
8170,203
8171,-123
8172,-293
8173,-408
8174,-237
8175,-103
8176,179
8177,345
8178,580
8179,666
8180,763
8181,810
8182,875
8183,773
8184,726
8185,545
8186,487
8187,411
8188,274
8189,767
8190,-71
8191,-4519
8192,-9429
8193,-3102
8194,345
8195,1008
8196,970
8197,996
8198,1181
8199,1182
8200,1335
8201,1383
8202,1498
8203,1161
8204,1073
8205,561
8206,168
8207,-56
8208,-162
8209,-324
8210,-212
8211,5
8212,341
8213,599
8214,854
8215,835
8216,829
8217,820
8218,768
8219,648
8220,489
8221,80
8222,-2657
8223,-7556
8224,-8273
8225,-1013
8226,888
8227,1037
8228,958
8229,1120
8230,1256
8231,1312
8232,1362
8233,1471
8234,1416
8235,1139
8236,810
8237,276
8238,-50
8239,-209
8240,-376
8241,-285
8242,-54
8243,229
8244,506
8245,774
8246,865
8247,880
8248,808
8249,759
8250,679
8251,445
8252,520
8253,-198
8254,-3481
8255,-8733
8256,-5604
8257,-387
8258,1084
8259,982
8260,1036
8261,1186
8262,1265
8263,1322
8264,1464
8265,1536
8266,1429
8267,1196
8268,720
8269,218
8270,-125
8271,-365
8272,-601
8273,-437
8274,-104
8275,212
8276,562
8277,807
8278,857
8279,883
8280,902
8281,828
8282,732
8283,444
8284,271
8285,-1568
8286,-6591
8287,-9657
8288,-2320
8289,531
8290,954
8291,990
8292,1096
8293,1289
8294,1299
8295,1357
8296,1440
8297,1438
8298,1184
8299,977
8300,446
8301,49
8302,-172
8303,-392
8304,-481
8305,-223
8306,39
8307,354
8308,654
8309,821
8310,844
8311,821
8312,728
8313,613
8314,626
8315,370
8316,287
8317,-1575
8318,-6749
8319,-9102
8320,-1972
8321,756
8322,1099
8323,975
8324,1109
8325,1268
8326,1259
8327,1401
8328,1520
8329,1475
8330,1281
8331,986
8332,454
8333,1
8334,-278
8335,-473
8336,-581
8337,-337
8338,24
8339,378
8340,644
8341,811
8342,902
8343,826
8344,849
8345,732
8346,519
8347,512
8348,-570
8349,-4394
8350,-9963
8351,-4544
8352,38
8353,1095
8354,997
8355,1123
8356,1136
8357,1266
8358,1322
8359,1401
8360,1452
8361,1312
8362,1126
8363,702
8364,196
8365,-120
8366,-278
8367,-421
8368,-281
8369,-26
8370,314
8371,539
8372,830
8373,839
8374,878
8375,750
8376,737
8377,635
8378,440
8379,456
8380,-502
8381,-4466
8382,-9926
8383,-4356
8384,265
8385,1228
8386,959
8387,1076
8388,1134
8389,1218
8390,1272
8391,1465
8392,1496
8393,1290
8394,1123
8395,589
8396,127
8397,-106
8398,-363
8399,-597
8400,-377
8401,-140
8402,214
8403,570
8404,863
8405,893
8406,835
8407,878
8408,770
8409,681
8410,492
8411,27
8412,-3001
8413,-7748
8414,-7990
8415,-771
8416,985
8417,1019
8418,944
8419,1066
8420,1165
8421,1210
8422,1197
8423,1327
8424,1259
8425,1210
8426,870
8427,408
8428,0
8429,-216
8430,-386
8431,-336
8432,-81
8433,155
8434,470
8435,716
8436,848
8437,890
8438,753
8439,750
8440,617
8441,533
8442,437
8443,-21
8444,-3028
8445,-7510
8446,-7188
8447,-702
8448,1088
8449,1082
8450,993
8451,1161
8452,1262
8453,1377
8454,1471
8455,1573
8456,1431
8457,1274
8458,844
8459,333
8460,18
8461,-182
8462,-411
8463,-334
8464,-46
8465,216
8466,525
8467,732
8468,787
8469,824
8470,810
8471,767
8472,698
8473,461
8474,217
8475,-1826
8476,-6741
8477,-9124
8478,-1926
8479,537
8480,1055
8481,992
8482,1151
8483,1307
8484,1336
8485,1471
8486,1574
8487,1524
8488,1276
8489,1001
8490,440
8491,39
8492,-151
8493,-348
8494,-365
8495,-158
8496,130
8497,415
8498,663
8499,858
8500,845
8501,836
8502,777
8503,717
8504,595
8505,473
8506,313
8507,-2134
8508,-7053
8509,-8162
8510,-1066
8511,798
8512,1037
8513,894
8514,1096
8515,1264
8516,1363
8517,1478
8518,1539
8519,1473
8520,1200
8521,874
8522,344
8523,-18
8524,-267
8525,-553
8526,-527
8527,-236
8528,76
8529,502
8530,746
8531,817
8532,864
8533,933
8534,867
8535,761
8536,496
8537,234
8538,-1706
8539,-6650
8540,-9492
8541,-2159
8542,560
8543,988
8544,994
8545,1133
8546,1281
8547,1278
8548,1419
8549,1529
8550,1489
8551,1255
8552,1014
8553,477
8554,71
8555,-132
8556,-326
8557,-428
8558,-188
8559,103
8560,392
8561,626
8562,778
8563,810
8564,778
8565,782
8566,679
8567,582
8568,461
8569,176
8570,-2552
8571,-7305
8572,-7938
8573,-797
8574,996
8575,1020
8576,908
8577,1138
8578,1253
8579,1380
8580,1449
8581,1509
8582,1426
8583,1223
8584,892
8585,335
8586,-35
8587,-289
8588,-474
8589,-453
8590,-174
8591,186
8592,529
8593,778
8594,802
8595,831
8596,888
8597,863
8598,776
8599,487
8600,321
8601,-1849
8602,-6999
8603,-9411
8604,-1865
8605,741
8606,1053
8607,994
8608,1105
8609,1287
8610,1333
8611,1434
8612,1525
8613,1489
8614,1334
8615,1006
8616,464
8617,37
8618,-145
8619,-381
8620,-358
8621,-96
8622,148
8623,459
8624,684
8625,818
8626,860
8627,759
8628,756
8629,618
8630,519
8631,497
8632,-157
8633,-3245
8634,-8253
8635,-6598
8636,-445
8637,1117
8638,1042
8639,987
8640,1174
8641,1263
8642,1314
8643,1419
8644,1519
8645,1358
8646,1238
8647,792
8648,320
8649,-110
8650,-340
8651,-501
8652,-484
8653,-165
8654,194
8655,567
8656,735
8657,820
8658,791
8659,848
8660,800
8661,703
8662,492
8663,174
8664,-2554
8665,-7737
8666,-8510
8667,-967
8668,917
8669,1023
8670,922
8671,1068
8672,1233
8673,1319
8674,1404
8675,1489
8676,1437
8677,1282
8678,850
8679,355
8680,31
8681,-112
8682,-343
8683,-352
8684,-137
8685,164
8686,402
8687,712
8688,835
8689,838
8690,760
8691,734
8692,637
8693,514
8694,421
8695,-551
8696,-4466
8697,-9901
8698,-4436
8699,277
8700,1186
8701,952
8702,1125
8703,1173
8704,1253
8705,1296
8706,1439
8707,1501
8708,1351
8709,1151
8710,630
8711,156
8712,-142
8713,-344
8714,-564
8715,-398
8716,-78
8717,336
8718,589
8719,763
8720,818
8721,788
8722,832
8723,730
8724,570
8725,561
8726,-326
8727,-3718
8728,-8825
8729,-5915
8730,-215
8731,1261
8732,1038
8733,1052
8734,1167
8735,1317
8736,1403
8737,1450
8738,1523
8739,1374
8740,1258
8741,723
8742,289
8743,-53
8744,-281
8745,-500
8746,-375
8747,-112
8748,192
8749,570
8750,769
8751,838
8752,866
8753,813
8754,796
8755,647
8756,459
8757,318
8758,-1241
8759,-5786
8760,-9536
8761,-2556
8762,355
8763,914
8764,1019
8765,1044
8766,1211
8767,1246
8768,1425
8769,1498
8770,1530
8771,1308
8772,1119
8773,518
8774,79
8775,-193
8776,-413
8777,-496
8778,-268
8779,22
8780,426
8781,673
8782,835
8783,847
8784,834
8785,856
8786,755
8787,588
8788,492
8789,-722
8790,-5005
8791,-9632
8792,-3908
8793,292
8794,1162
8795,953
8796,1094
8797,1238
8798,1392
8799,1499
8800,1598
8801,1659
8802,1396
8803,1190
8804,646
8805,222
8806,-85
8807,-335
8808,-453
8809,-221
8810,-3
8811,327
8812,613
8813,758
8814,784
8815,747
8816,759
8817,668
8818,634
8819,491
8820,246
8821,-2294
8822,-7079
8823,-8052
8824,-1038
8825,780
8826,1031
8827,899
8828,1097
8829,1219
8830,1341
8831,1474
8832,1605
8833,1488
8834,1297
8835,915
8836,418
8837,-13
8838,-204
8839,-417
8840,-378
8841,-119
8842,181
8843,477
8844,723
8845,794
8846,848
8847,887
8848,842
8849,744
8850,429
8851,241
8852,-1821
8853,-6832
8854,-9301
8855,-1893
8856,565
8857,1023
8858,1014
8859,1166
8860,1299
8861,1323
8862,1417
8863,1521
8864,1492
8865,1267
8866,948
8867,440
8868,84
8869,-125
8870,-324
8871,-354
8872,-158
8873,144
8874,416
8875,657
8876,725
8877,764
8878,737
8879,720
8880,618
8881,473
8882,468
8883,-503
8884,-4157
8885,-9212
8886,-4942
8887,-137
8888,1170
8889,1006
8890,1118
8891,1206
8892,1323
8893,1364
8894,1547
8895,1640
8896,1456
8897,1235
8898,680
8899,236
8900,-90
8901,-323
8902,-538
8903,-371
8904,-82
8905,267
8906,588
8907,737
8908,812
8909,755
8910,820
8911,729
8912,571
8913,514
8914,-260
8915,-3465
8916,-8440
8917,-6634
8918,-491
8919,1063
8920,1021
8921,1020
8922,1164
8923,1305
8924,1363
8925,1434
8926,1484
8927,1393
8928,1214
8929,851
8930,297
8931,-60
8932,-265
8933,-417
8934,-378
8935,-84
8936,202
8937,510
8938,722
8939,746
8940,784
8941,738
8942,693
8943,654
8944,423
8945,373
8946,-1239
8947,-5903
8948,-9815
8949,-2600
8950,413
8951,883
8952,989
8953,1028
8954,1215
8955,1241
8956,1411
8957,1514
8958,1502
8959,1261
8960,974
8961,432
8962,39
8963,-190
8964,-394
8965,-523
8966,-299
8967,7
8968,365
8969,560
8970,735
8971,753
8972,740
8973,706
8974,650
8975,513
8976,337
8977,-706
8978,-5299
8979,-9964
8980,-4108
8981,174
8982,1056
8983,961
8984,1051
8985,1086
8986,1182
8987,1232
8988,1395
8989,1457
8990,1257
8991,1118
8992,612
8993,179
8994,-56
8995,-233
8996,-510
8997,-401
8998,-186
8999,-34
9000,504
9001,932
9002,895
9003,823
9004,665
9005,600
9006,489
9007,399
9008,270
9009,175
9010,155
9011,162
9012,251
9013,423
9014,650
9015,797
9016,861
9017,900
9018,917
9019,780
9020,817
9021,813
9022,638
9023,473
9024,-604
9025,-4463
9026,-9180
9027,-5250
9028,-1139
9029,557
9030,861
9031,1024
9032,1103
9033,1231
9034,1129
9035,1132
9036,1171
9037,1095
9038,961
9039,825
9040,594
9041,434
9042,304
9043,187
9044,132
9045,167
9046,294
9047,492
9048,615
9049,789
9050,859
9051,863
9052,832
9053,762
9054,749
9055,604
9056,611
9057,333
9058,-1531
9059,-6786
9060,-9129
9061,-3816
9062,-677
9063,487
9064,904
9065,927
9066,1064
9067,1176
9068,1156
9069,1193
9070,1161
9071,1042
9072,914
9073,768
9074,652
9075,432
9076,297
9077,162
9078,150
9079,204
9080,344
9081,555
9082,716
9083,853
9084,915
9085,897
9086,794
9087,756
9088,709
9089,721
9090,549
9091,-384
9092,-3592
9093,-8083
9094,-7048
9095,-1956
9096,134
9097,848
9098,924
9099,1086
9100,1204
9101,1184
9102,1201
9103,1187
9104,1172
9105,992
9106,891
9107,678
9108,511
9109,336
9110,177
9111,79
9112,101
9113,243
9114,386
9115,597
9116,818
9117,868
9118,923
9119,836
9120,845
9121,867
9122,679
9123,591
9124,258
9125,-1878
9126,-6867
9127,-8669
9128,-3202
9129,-445
9130,656
9131,936
9132,969
9133,1133
9134,1183
9135,1157
9136,1195
9137,1186
9138,1042
9139,909
9140,733
9141,524
9142,380
9143,261
9144,133
9145,157
9146,204
9147,420
9148,528
9149,744
9150,908
9151,870
9152,896
9153,736
9154,775
9155,822
9156,693
9157,601
9158,-591
9159,-5008
9160,-9250
9161,-4727
9162,-953
9163,613
9164,905
9165,968
9166,1035
9167,1172
9168,1147
9169,1204
9170,1282
9171,1122
9172,1032
9173,837
9174,612
9175,411
9176,245
9177,102
9178,65
9179,85
9180,300
9181,485
9182,767
9183,932
9184,963
9185,903
9186,806
9187,837
9188,816
9189,726
9190,546
9191,-359
9192,-3909
9193,-9048
9194,-6018
9195,-1713
9196,452
9197,863
9198,959
9199,1090
9200,1255
9201,1188
9202,1195
9203,1208
9204,1148
9205,1034
9206,860
9207,699
9208,472
9209,253
9210,125
9211,80
9212,156
9213,252
9214,502
9215,641
9216,822
9217,926
9218,874
9219,833
9220,756
9221,730
9222,735
9223,609
9224,55
9225,-2570
9226,-7428
9227,-7991
9228,-2191
9229,-4
9230,813
9231,954
9232,1086
9233,1234
9234,1239
9235,1231
9236,1270
9237,1220
9238,1098
9239,898
9240,719
9241,487
9242,329
9243,149
9244,51
9245,110
9246,171
9247,405
9248,599
9249,841
9250,941
9251,931
9252,912
9253,835
9254,865
9255,741
9256,616
9257,376
9258,-1482
9259,-6557
9260,-9140
9261,-3586
9262,-521
9263,538
9264,935
9265,959
9266,1127
9267,1221
9268,1217
9269,1221
9270,1233
9271,1085
9272,996
9273,724
9274,566
9275,367
9276,232
9277,96
9278,70
9279,172
9280,345
9281,574
9282,727
9283,878
9284,915
9285,935
9286,784
9287,747
9288,700
9289,607
9290,428
9291,-532
9292,-4188
9293,-9081
9294,-5762
9295,-1388
9296,583
9297,838
9298,969
9299,1107
9300,1244
9301,1147
9302,1151
9303,1122
9304,1078
9305,913
9306,868
9307,638
9308,483
9309,298
9310,109
9311,69
9312,79
9313,320
9314,461
9315,685
9316,852
9317,915
9318,966
9319,844
9320,869
9321,867
9322,705
9323,529
9324,142
9325,-1956
9326,-6979
9327,-8563
9328,-2735
9329,-273
9330,639
9331,950
9332,1029
9333,1147
9334,1235
9335,1174
9336,1259
9337,1198
9338,1073
9339,958
9340,789
9341,607
9342,423
9343,274
9344,125
9345,57
9346,213
9347,401
9348,553
9349,731
9350,859
9351,904
9352,921
9353,770
9354,791
9355,760
9356,642
9357,569
9358,-638
9359,-4114
9360,-8807
9361,-6030
9362,-1719
9363,452
9364,882
9365,933
9366,1070
9367,1232
9368,1177
9369,1156
9370,1214
9371,1133
9372,1004
9373,914
9374,654
9375,458
9376,307
9377,188
9378,141
9379,128
9380,296
9381,511
9382,615
9383,861
9384,915
9385,941
9386,841
9387,803
9388,778
9389,809
9390,520
9391,49
9392,-2462
9393,-7128
9394,-8498
9395,-2507
9396,-268
9397,796
9398,970
9399,1051
9400,1195
9401,1221
9402,1145
9403,1177
9404,1148
9405,1008
9406,915
9407,653
9408,486
9409,367
9410,239
9411,166
9412,155
9413,234
9414,388
9415,577
9416,752
9417,864
9418,893
9419,849
9420,740
9421,714
9422,676
9423,739
9424,476
9425,-978
9426,-6117
9427,-9251
9428,-4250
9429,-800
9430,441
9431,898
9432,932
9433,1092
9434,1198
9435,1175
9436,1209
9437,1225
9438,1121
9439,1001
9440,806
9441,587
9442,417
9443,208
9444,98
9445,83
9446,193
9447,356
9448,533
9449,792
9450,891
9451,951
9452,960
9453,810
9454,853
9455,750
9456,704
9457,514
9458,-682
9459,-5860
9460,-9390
9461,-4308
9462,-861
9463,507
9464,952
9465,934
9466,1066
9467,1220
9468,1206
9469,1231
9470,1244
9471,1114
9472,985
9473,794
9474,624
9475,403
9476,261
9477,134
9478,112
9479,164
9480,324
9481,569
9482,685
9483,916
9484,935
9485,897
9486,775
9487,766
9488,753
9489,739
9490,583
9491,-552
9492,-4825
9493,-9405
9494,-5029
9495,-932
9496,655
9497,885
9498,1011
9499,1048
9500,1209
9501,1146
9502,1177
9503,1242
9504,1136
9505,998
9506,862
9507,633
9508,416
9509,200
9510,83
9511,62
9512,110
9513,292
9514,531
9515,773
9516,933
9517,925
9518,945
9519,783
9520,824
9521,735
9522,759
9523,579
9524,-573
9525,-4624
9526,-9520
9527,-5089
9528,-1119
9529,605
9530,898
9531,1019
9532,1037
9533,1223
9534,1189
9535,1236
9536,1249
9537,1140
9538,1019
9539,865
9540,647
9541,423
9542,242
9543,135
9544,90
9545,127
9546,337
9547,544
9548,719
9549,860
9550,930
9551,925
9552,778
9553,824
9554,796
9555,645
9556,563
9557,-310
9558,-3788
9559,-8830
9560,-6219
9561,-1782
9562,482
9563,884
9564,912
9565,1061
9566,1263
9567,1232
9568,1216
9569,1251
9570,1178
9571,1017
9572,859
9573,640
9574,455
9575,292
9576,72
9577,14
9578,121
9579,268
9580,443
9581,703
9582,901
9583,930
9584,929
9585,851
9586,807
9587,760
9588,790
9589,461
9590,-344
9591,-3714
9592,-8580
9593,-6972
9594,-1897
9595,257
9596,846
9597,914
9598,1061
9599,1191
9600,1163
9601,1184
9602,1203
9603,1166
9604,1015
9605,882
9606,690
9607,494
9608,287
9609,126
9610,140
9611,120
9612,264
9613,481
9614,643
9615,854
9616,905
9617,908
9618,808
9619,789
9620,724
9621,745
9622,537
9623,96
9624,-2273
9625,-7383
9626,-8368
9627,-2381
9628,-117
9629,859
9630,963
9631,1082
9632,1201
9633,1204
9634,1149
9635,1183
9636,1166
9637,997
9638,937
9639,705
9640,525
9641,312
9642,156
9643,53
9644,67
9645,205
9646,417
9647,638
9648,833
9649,923
9650,902
9651,940
9652,788
9653,844
9654,765
9655,663
9656,532
9657,-797
9658,-6071
9659,-9429
9660,-4323
9661,-750
9662,474
9663,930
9664,951
9665,1076
9666,1199
9667,1198
9668,1212
9669,1247
9670,1132
9671,1004
9672,853
9673,579
9674,408
9675,210
9676,139
9677,144
9678,125
9679,297
9680,558
9681,712
9682,811
9683,905
9684,864
9685,755
9686,819
9687,624
9688,646
9689,501
9690,-31
9691,-2777
9692,-7620
9693,-7774
9694,-2221
9695,20
9696,763
9697,939
9698,1066
9699,1200
9700,1235
9701,1159
9702,1221
9703,1138
9704,1024
9705,881
9706,691
9707,508
9708,368
9709,203
9710,52
9711,47
9712,164
9713,451
9714,587
9715,847
9716,912
9717,966
9718,935
9719,831
9720,828
9721,805
9722,758
9723,484
9724,-817
9725,-5406
9726,-9374
9727,-4896
9728,-1027
9729,612
9730,898
9731,948
9732,1030
9733,1201
9734,1189
9735,1166
9736,1237
9737,1099
9738,1036
9739,847
9740,635
9741,454
9742,308
9743,161
9744,127
9745,193
9746,296
9747,485
9748,703
9749,794
9750,868
9751,838
9752,751
9753,783
9754,740
9755,800
9756,522
9757,-364
9758,-3276
9759,-7754
9760,-7617
9761,-2191
9762,73
9763,838
9764,957
9765,1074
9766,1199
9767,1199
9768,1151
9769,1236
9770,1176
9771,1085
9772,974
9773,666
9774,488
9775,332
9776,153
9777,100
9778,110
9779,211
9780,438
9781,581
9782,844
9783,953
9784,935
9785,886
9786,821
9787,870
9788,744
9789,594
9790,178
9791,-1746
9792,-6815
9793,-9024
9794,-3237
9795,-559
9796,586
9797,956
9798,1008
9799,1108
9800,1159
9801,1154
9802,1162
9803,1209
9804,1032
9805,985
9806,769
9807,592
9808,351
9809,197
9810,133
9811,109
9812,200
9813,344
9814,564
9815,765
9816,862
9817,890
9818,871
9819,764
9820,774
9821,653
9822,679
9823,511
9824,-566
9825,-4953
9826,-9278
9827,-5006
9828,-1032
9829,547
9830,892
9831,998
9832,1017
9833,1180
9834,1160
9835,1184
9836,1234
9837,1122
9838,1024
9839,849
9840,638
9841,342
9842,192
9843,97
9844,37
9845,116
9846,285
9847,466
9848,606
9849,820
9850,852
9851,901
9852,804
9853,728
9854,728
9855,659
9856,518
9857,-444
9858,-3557
9859,-8289
9860,-7226
9861,-2022
9862,188
9863,847
9864,884
9865,1049
9866,1175
9867,1184
9868,1194
9869,1199
9870,1165
9871,1033
9872,899
9873,697
9874,514
9875,336
9876,172
9877,65
9878,88
9879,243
9880,393
9881,545
9882,781
9883,846
9884,840
9885,815
9886,757
9887,731
9888,673
9889,566
9890,289
9891,-1522
9892,-6824
9893,-9100
9894,-3631
9895,-546
9896,551
9897,896
9898,870
9899,1062
9900,1145
9901,1146
9902,1189
9903,1180
9904,1056
9905,955
9906,714
9907,551
9908,299
9909,163
9910,22
9911,3
9912,137
9913,308
9914,521
9915,737
9916,853
9917,860
9918,853
9919,743
9920,742
9921,642
9922,705
9923,497
9924,-615
9925,-4863
9926,-9602
9927,-5046
9928,-1053
9929,540
9930,828
9931,945
9932,996
9933,1186
9934,1139
9935,1202
9936,1233
9937,1187
9938,998
9939,788
9940,594
9941,423
9942,223
9943,107
9944,65
9945,116
9946,262
9947,421
9948,656
9949,768
9950,842
9951,791
9952,735
9953,705
9954,603
9955,644
9956,402
9957,-17
9958,-2500
9959,-7718
9960,-8350
9961,-2510
9962,-140
9963,715
9964,888
9965,953
9966,1151
9967,1209
9968,1174
9969,1193
9970,1182
9971,990
9972,915
9973,622
9974,449
9975,274
9976,118
9977,45
9978,46
9979,144
9980,358
9981,468
9982,677
9983,773
9984,789
9985,773
9986,648
9987,642
9988,561
9989,597
9990,482
9991,-737
9992,-6093
9993,-9270
9994,-4199
9995,-736
9996,348
9997,905
9998,1228
9999,851
